,temperature_t_90,temperature_t_10,wind_anomalies_above,precipitation_Anomalia_Lluvia,drought_Anomalia_Sequia,Climate_Index
1961-01-01,,,,,,
1961-02-01,,,,,,
1961-03-01,,,,,,
1961-04-01,,,,,,
1961-05-01,,,,,,
1961-06-01,,,,,,
1961-07-01,,,,,,
1961-08-01,,,,,,
1961-09-01,,,,,,
1961-10-01,,,,,,
1961-11-01,,,,,,
1961-12-01,,,,,,
1962-01-01,,,,,,
1962-02-01,,,,,,
1962-03-01,,,,,,
1962-04-01,,,,,,
1962-05-01,,,,,,
1962-06-01,,,,,,
1962-07-01,,,,,,
1962-08-01,,,,,,
1962-09-01,,,,,,
1962-10-01,,,,,,
1962-11-01,,,,,,
1962-12-01,,,,,,
1963-01-01,,,,,,
1963-02-01,,,,,,
1963-03-01,,,,,,
1963-04-01,,,,,,
1963-05-01,,,,,,
1963-06-01,,,,,,
1963-07-01,,,,,,
1963-08-01,,,,,,
1963-09-01,,,,,,
1963-10-01,,,,,,
1963-11-01,,,,,,
1963-12-01,,,,,,
1964-01-01,,,,,,
1964-02-01,,,,,,
1964-03-01,,,,,,
1964-04-01,,,,,,
1964-05-01,,,,,,
1964-06-01,,,,,,
1964-07-01,,,,,,
1964-08-01,,,,,,
1964-09-01,,,,,,
1964-10-01,,,,,,
1964-11-01,,,,,,
1964-12-01,,,,,,
1965-01-01,,,,,,
1965-02-01,,,,,,
1965-03-01,,,,,,
1965-04-01,,,,,,
1965-05-01,,,,,,
1965-06-01,,,,,,
1965-07-01,,,,,,
1965-08-01,,,,,,
1965-09-01,,,,,,
1965-10-01,,,,,,
1965-11-01,,,,,,
1965-12-01,-0.256230718669513,0.27758779286152235,0.20471901977846232,-0.254081754013896,0.25884258859639525,-0.06486773143401477
1966-01-01,-0.24364405092275823,0.2730729357279035,0.21494322810244426,-0.2548113069186608,0.29366594368730414,-0.05258382435591483
1966-02-01,-0.2248988994829992,0.2566219508140832,0.20261514269251363,-0.2510425499329964,0.32596426544901413,-0.04079679841771022
1966-03-01,-0.20711441680046752,0.2144137153305519,0.22734593258558541,-0.25309102442891646,0.35520042794237905,-0.018414559206394284
1966-04-01,-0.1987493138835719,0.19917604141905706,0.24768346639091535,-0.2628486380679533,0.3803763571500641,-0.00654283396592056
1966-05-01,-0.17996989956427575,0.16956170847331073,0.24639724882847117,-0.23602872845561554,0.4005362648049139,0.012274635428036607
1966-06-01,-0.1845464872108279,0.1648777163501762,0.2485325426626374,-0.23836221552919595,0.4148044944151949,0.015110123597526443
1966-07-01,-0.16101267906046549,0.16049992042914682,0.2391520986518722,-0.23649378773601104,0.422717865535492,0.020772715392348172
1966-08-01,-0.1452828871071003,0.1574659559533681,0.20640430707155724,-0.21728703299692523,0.4243342094649097,0.02214052809581467
1966-09-01,-0.11910596079506867,0.12733419590933118,0.17865894965428228,-0.21100061853261043,0.420162397845817,0.02827611445261779
1966-10-01,-0.09692730579414878,0.09709798434727127,0.1635348482444245,-0.21386442799897243,0.41094839834486685,0.03331870568977977
1966-11-01,-0.07970834140362194,0.06669453412886504,0.13297080805079523,-0.2047250610543415,0.397459575675828,0.035860489427958935
1966-12-01,-0.051840272904976295,0.043193052001151845,0.13160607075397532,-0.1835128100666528,0.3810799855956094,0.046827984275360744
1967-01-01,-0.060856878649866455,0.06048325915156085,0.1233265793760069,-0.18459862788052608,0.36452750104383397,0.03638306294757749
1967-02-01,-0.05965848770359014,0.07626278781331176,0.1239824087339242,-0.18604932446808864,0.34788181681738783,0.029978725113264288
1967-03-01,-0.04981480779448034,0.04737855701425189,0.12899626647207574,-0.19458871354193738,0.33121487580670894,0.03368581278562301
1967-04-01,-0.03681725491325772,0.05965730315654817,0.12309930562349937,-0.18764229411414515,0.31483957593294204,0.030764405874498066
1967-05-01,-0.04898051317737421,0.05727768022483047,0.10327001535072904,-0.19383682118883977,0.29909598556990846,0.020454197265918593
1967-06-01,-0.04902034071019814,0.05284714033646612,0.1218928811838649,-0.16959132062426457,0.2844055229983009,0.026967920502247385
1967-07-01,-0.05094943217280275,0.06010374560707367,0.11929802285527034,-0.17345327931301047,0.2711222280133905,0.021182758755154785
1967-08-01,-0.04208744805073694,0.0421809936091061,0.11798151725651569,-0.17674955673671017,0.25948199729338584,0.023289103230669662
1967-09-01,-0.038023800376859825,0.026146554442493083,0.11350942623295678,-0.16173309135095526,0.24954039176001283,0.02742927436453228
1967-10-01,-0.032315001663301576,0.01974411722731847,0.10114419348629973,-0.16525729271428038,0.24125048058460027,0.025015652493199907
1967-11-01,-0.017932365694765345,0.01480965734043784,0.11205928939391593,-0.15492108735100676,0.2344617640902191,0.031771588619585005
1967-12-01,-0.0028909163354015927,0.019464550432093355,0.11312370053973092,-0.15107907327668121,0.229339567312899,0.03380574556169074
1968-01-01,-0.007769188465645869,0.029674515564383618,0.1217597600672297,-0.13894876214520385,0.22475098869910903,0.03402365651822107
1968-02-01,-0.047672144573009785,0.033214711228729134,0.09695766156904378,-0.12626027735726286,0.2208115836701399,0.022124422416036363
1968-03-01,-0.04761205133344588,0.004727933215190079,0.1152862940040836,-0.09903154594358057,0.21762754162240017,0.03630846102685344
1968-04-01,-0.06590193556871353,0.0159243524510339,0.11183686887798333,-0.07869487253483384,0.21532648566335216,0.03332843879735083
1968-05-01,-0.06106652729387834,-0.0034354130477493583,0.12096058240823827,-0.09283214805182069,0.21400227645405476,0.036899919312868665
1968-06-01,-0.06546578433812177,0.008078293907354463,0.1189641442209499,-0.060662259634894626,0.2136986316605663,0.03969128760022907
1968-07-01,-0.06142898612268136,0.02180921903313691,0.11405858241010679,-0.04221813378389926,0.21439321058185398,0.04059909081044864
1968-08-01,-0.07134171167347715,0.05865861549886569,0.11326291455856796,-0.038779116150302204,0.21600478069579054,0.032097650386342685
1968-09-01,-0.08068909980023256,0.07163771577144992,0.07981674060649387,-0.0385410199329878,0.21842307150838008,0.021474395322040724
1968-10-01,-0.0840594024488519,0.06690550682402678,0.08583953956703197,-0.04292388754741601,0.22151584690897066,0.022693317931141585
1968-11-01,-0.09882039405960401,0.07444287242395906,0.06892624381739977,-0.04716098331070196,0.22517634922303625,0.014735668649234198
1968-12-01,-0.11413452187921976,0.0790807491560201,0.053721670488728605,-0.05163892132695766,0.22921199022408348,0.007615893670122912
1969-01-01,-0.15010108270629488,0.041489428171692724,0.05257513369953337,0.0029809313748652587,0.230766135956403,0.018946338030562806
1969-02-01,-0.13839948703803867,0.012189464938653891,0.04946859449967868,0.009542517635660856,0.22938232102106149,0.027560896235941688
1969-03-01,-0.1174073440668916,-0.010738760949401875,0.03649665067070505,0.015697576377230373,0.22459833479053684,0.0340247957441965
1969-04-01,-0.07556242193535095,-0.05997643672943909,0.03221128138556454,0.02493074166122823,0.21601958011347727,0.05151512359087163
1969-05-01,-0.09716532037799087,-0.0775470683606164,0.024149504762972677,0.024755193068025004,0.20342340353364463,0.04654196986945357
1969-06-01,-0.10893246572351926,-0.10537972300261779,0.0031361826647223184,0.02258922683540731,0.18693015022638673,0.04182056340112297
1969-07-01,-0.06705618267406663,-0.12139947096760015,-0.008577819490607404,-0.0028047688072547427,0.1670010366632254,0.04199234733177935
1969-08-01,-0.023130687659350994,-0.1463247073139713,-0.00923854723950659,0.0006769504010056354,0.14433377140411435,0.051793238844046734
1969-09-01,0.025553231702492674,-0.19297200129993267,-0.0008437733162759669,0.03718490658793597,0.11960036596413678,0.07489334644764443
1969-10-01,0.06444981742620706,-0.21246500528495832,0.030284504332180065,0.054512756154872465,0.09346496182226537,0.09103540900409665
1969-11-01,0.0893114132093036,-0.23397597526714495,0.027206282712070876,0.0835462124009306,0.06634029040735552,0.1000760347993611
1969-12-01,0.1261187255910758,-0.24463355488118718,0.039719684576668614,0.09300397320184856,0.03853728514824272,0.10840264467980457
1970-01-01,0.1545947515187858,-0.26750248297718576,0.03615047020961763,0.12036959065590053,0.009764068624701895,0.11767627279723832
1970-02-01,0.14514977583873337,-0.2722013287618129,0.03165327286854563,0.12118574265235413,-0.019686064385583034,0.1101008111471726
1970-03-01,0.15391350499368778,-0.2565485262875298,0.03433397322093169,0.1363401165464893,-0.049776672588902476,0.1062718896919472
1970-04-01,0.15034785219883043,-0.26649559960674635,0.03378736800383726,0.1198278144855673,-0.07999730037959246,0.09809226678307777
1970-05-01,0.16198024897013377,-0.29235339860106385,0.04118952558093222,0.10829220577919234,-0.10972905583885,0.09881726461849444
1970-06-01,0.1647569739145172,-0.3017131305691505,0.044912085132795425,0.11736386644188314,-0.13813771777268877,0.0981216676571315
1970-07-01,0.2081711261850838,-0.3356997351364696,0.059642292261043665,0.10602080079261213,-0.16446361764786582,0.10901406734546866
1970-08-01,0.22963671896867244,-0.3474049036292855,0.048090494830707396,0.08629770877305416,-0.18816759649269332,0.10465244594180523
1970-09-01,0.24253285841617125,-0.35213346816807073,0.03516673920227841,0.12196933430774758,-0.2090737389062394,0.10854573223760572
1970-10-01,0.25560801984971754,-0.36167410519364446,0.014503377034375159,0.13250734808389097,-0.22717973201550526,0.10742262362922456
1970-11-01,0.2659716632067442,-0.37323517495865877,0.01220036886943779,0.1307202295322592,-0.24271350294098368,0.10788278672522326
1970-12-01,0.26645900055697913,-0.37539484744875945,0.01589255443995644,0.12928283459041268,-0.2557376449207537,0.1062583184230708
1971-01-01,0.24841266665591602,-0.3507648196045588,0.0044497941676396235,0.14899912820352862,-0.26939535465873515,0.0966462107945816
1971-02-01,0.2316875550048433,-0.3348476901079067,-0.00951154809731108,0.17757164186332375,-0.28365358864261336,0.09018835004722986
1971-03-01,0.22423158800588702,-0.3097162088499077,-0.022076900613230956,0.1884204803965986,-0.2985665990468306,0.08034495551846635
1971-04-01,0.21111244983098604,-0.28748115796833257,-0.03712064226252486,0.1877727716229856,-0.3139724167482511,0.06705466408230563
1971-05-01,0.18190360830533783,-0.27256483636084944,-0.05345901487374361,0.19656209439660113,-0.32963609314556575,0.05358708620869583
1971-06-01,0.16649058462415495,-0.2459243714602946,-0.07110839244471799,0.17828861167654395,-0.34514877924911364,0.03488927921343237
1971-07-01,0.13540104657901939,-0.2003739223761421,-0.08586619183743953,0.2063957292897006,-0.3600494339062291,0.019251014500238695
1971-08-01,0.10663874012758995,-0.17506588812337104,-0.07854948846935204,0.2318576450459659,-0.37392253255636126,0.01221805045424272
1971-09-01,0.07987529398244358,-0.14765848497628195,-0.0742693337865094,0.24401015394056838,-0.38654501964378224,0.0021459158938004577
1971-10-01,0.06627522283734076,-0.13270484031535248,-0.0818634026522919,0.25333393703525264,-0.39780546235308817,-0.005470972963486827
1971-11-01,0.05378249679341085,-0.11434816775083446,-0.09689992327898517,0.24893484230463703,-0.40776890515051717,-0.017520664316124
1971-12-01,0.025687088365474047,-0.06391899523300286,-0.12561058911959536,0.24651387250050902,-0.41658778086487497,-0.04121568277709687
1972-01-01,0.024547285523201727,-0.07508273438480637,-0.11866896757239799,0.27294803972666465,-0.42514348841867194,-0.03424687927127943
1972-02-01,0.05555534179545464,-0.0968730689141664,-0.11042214363915354,0.28162923992301025,-0.4332272477229341,-0.02191834814589124
1972-03-01,0.07666940445305383,-0.09830417107246882,-0.1184843161844339,0.2903844832442701,-0.4407285382005994,-0.018770959123048103
1972-04-01,0.07656787861080253,-0.09619311956475049,-0.12111599159991623,0.2947510842544337,-0.44738790223096425,-0.020198362280178746
1972-05-01,0.07683218302122484,-0.08513353817527848,-0.11601694099854747,0.30428674224143226,-0.45292978576245346,-0.02053885266461306
1972-06-01,0.07620580894784107,-0.09588182724249976,-0.13076342089002788,0.2870948509313166,-0.4570640070091571,-0.025728988155505506
1972-07-01,0.08547558004056549,-0.11648404647883347,-0.13231562041652,0.27873523558179536,-0.45960676432761544,-0.022245504528588214
1972-08-01,0.09018360357963257,-0.12010274527250271,-0.1352038944066061,0.284036805977424,-0.4605423118503883,-0.020284610285487007
1972-09-01,0.10325147191487788,-0.14115303587798947,-0.11886330229407542,0.27972966705759367,-0.4600129375064477,-0.010948412990012415
1972-10-01,0.13752452863893666,-0.152450572858717,-0.09012146139274645,0.2681721366941929,-0.45823210179436447,0.001958735000947149
1972-11-01,0.15272444107427663,-0.16454709968146156,-0.0979602738557061,0.2731269898513953,-0.4554204721868475,0.007403556912915981
1972-12-01,0.16051312805235424,-0.17781418779847594,-0.07160326376936466,0.2838349390774965,-0.45183763588035725,0.019744271055720963
1973-01-01,0.1972322576589726,-0.20174002141291486,-0.05836310469024304,0.2691342660536369,-0.44930053246192153,0.03208858159467196
1973-02-01,0.2156433335582339,-0.20499980482636387,-0.06669645094357776,0.24567182846367358,-0.4479275156246207,0.030338200056014578
1973-03-01,0.22612771738460755,-0.2025548257965326,-0.0889821734585015,0.22319264051814874,-0.44789459185574404,0.022999683677008668
1973-04-01,0.20469657869351707,-0.21953674207792878,-0.09981652964465068,0.1997519491861264,-0.4493687656858611,0.014959994925412109
1973-05-01,0.24224060011105614,-0.22417908105897677,-0.09062814082541407,0.21194448458651702,-0.45245860744602545,0.027055483497022095
1973-06-01,0.2865074524250764,-0.24599904234640088,-0.08773855907448329,0.1866382233798504,-0.45717208513648233,0.03484681478807244
1973-07-01,0.30593223433744643,-0.26375270038405974,-0.08977116636879034,0.18904223069548606,-0.4634067137777442,0.04110985705409155
1973-08-01,0.3284861116935331,-0.28646000322926607,-0.08272245612071767,0.21496064340074858,-0.47096206021923753,0.05524444839671852
1973-09-01,0.3588257946474334,-0.303523136271663,-0.08123367852200013,0.2299481876194477,-0.4796035634362295,0.0662919753160629
1973-10-01,0.38110535811449614,-0.3010219930594765,-0.0996622480501325,0.2452929360171159,-0.4890661834828924,0.06773837113161277
1973-11-01,0.3959848505744951,-0.3001245024029079,-0.10366866227735527,0.27497487689057987,-0.49915205927447065,0.07365270166323139
1973-12-01,0.4018301476634482,-0.2962288093368547,-0.10788889314515267,0.30343651299675306,-0.5095733571931672,0.07680664393174721
1974-01-01,0.38504139741439036,-0.2640698460981015,-0.11356706015715182,0.27948513676722847,-0.5201638264048503,0.058973098743543666
1974-02-01,0.36471758179483443,-0.259312695826962,-0.11357546731625603,0.2713546857237816,-0.5307976163387763,0.05020237593810916
1974-03-01,0.3564515953881376,-0.2664626131818229,-0.10789902575579814,0.2871170287330945,-0.5414004436034728,0.05214635358875683
1974-04-01,0.325327064204559,-0.2346561045485192,-0.08596599880311896,0.26802138090133665,-0.5517538540965775,0.038056939350943696
1974-05-01,0.2960679626192172,-0.21589613192431148,-0.08951133099859551,0.2687487711509069,-0.5616310064717129,0.025914105644825432
1974-06-01,0.2675256149797063,-0.2007270605140087,-0.07602040321450225,0.2491757720708847,-0.5707814284688314,0.014125323176253255
1974-07-01,0.23174052934069658,-0.18606262438307683,-0.0690880397023393,0.26481576909621557,-0.5790116649757623,0.006903843628377477
1974-08-01,0.19183735135059482,-0.14548534451568582,-0.07781658768692995,0.28800296237071354,-0.5862053325997478,-0.007739252409936704
1974-09-01,0.16073857907472516,-0.12532157606062147,-0.08908763503092132,0.2728831619024277,-0.5923435748638489,-0.024497578571399187
1974-10-01,0.13800836596550098,-0.11995367781524001,-0.11426067498919804,0.2654276457925638,-0.5974569079292493,-0.0376655786690285
1974-11-01,0.14250262075987183,-0.10274893821630954,-0.11211598897994178,0.2621998510013024,-0.601633574857193,-0.041259630771930206
1974-12-01,0.10338893157035485,-0.08102462467403512,-0.13518088570145517,0.26306888535618783,-0.6049827172633129,-0.058536232272838024
1975-01-01,0.075386860601326,-0.06643155901734414,-0.1233686195220637,0.2333104985455672,-0.6079352511150854,-0.07123499049458235
1975-02-01,0.0682344953875344,-0.05639124053963044,-0.1248931218091801,0.245065588504076,-0.6103647688261525,-0.07311331324081835
1975-03-01,0.05681821040826834,-0.07246498736726431,-0.12421219159871856,0.23830460160970687,-0.6121949641028356,-0.0737638712632629
1975-04-01,0.04923512910418184,-0.03776777603037019,-0.12186853314944317,0.24567239607373872,-0.613347603173176,-0.0805081670228657
1975-05-01,0.0250813096798254,-0.015721669441419804,-0.14622002754825844,0.25914716242502134,-0.6137695981613108,-0.09200789683266053
1975-06-01,0.007360209288467678,0.002092240870780382,-0.1582159828881002,0.26125370239218076,-0.6134395527144229,-0.10102677295853099
1975-07-01,-0.028814969532475688,0.04941351795235969,-0.17389198756756527,0.28565294792254764,-0.6123666063057712,-0.11576682668712483
1975-08-01,-0.05223827163275273,0.07085097458115844,-0.18563516889680678,0.3051981985569,-0.6105932790589481,-0.12282389912255319
1975-09-01,-0.06452648172803162,0.07580190164770004,-0.1798268411135501,0.28579827699189386,-0.6081874003754202,-0.1285088695745616
1975-10-01,-0.0918580684297922,0.1132972459460271,-0.1829042238716118,0.2834043115687867,-0.6052390962060713,-0.14197886457694314
1975-11-01,-0.10456406171676093,0.13033478294388737,-0.18897950756126247,0.2866770514287055,-0.6018331999005712,-0.14780690013875528
1975-12-01,-0.12016318376405812,0.1295517633577503,-0.19935739625163384,0.30710739037021995,-0.5981683476902692,-0.14802666013869828
1976-01-01,-0.12279239128798759,0.12782132079262773,-0.18673010378098542,0.2895493908785284,-0.5932139065680386,-0.1482016663102222
1976-02-01,-0.10455219555590897,0.11704366616034886,-0.17578928940755872,0.2790518913728495,-0.5867483831467257,-0.14101632857953855
1976-03-01,-0.09715604558402663,0.10940486264521034,-0.16098660656933797,0.27507304043198627,-0.5785575876069092,-0.13420641239469955
1976-04-01,-0.07944241122647558,0.09691305589868686,-0.1487122785029887,0.2910944853288432,-0.5685299929923064,-0.12050065065832286
1976-05-01,-0.07639077172281104,0.08767381187908614,-0.15376211369693107,0.2882627108755211,-0.5566393307334355,-0.11724066343134852
1976-06-01,-0.07194357825143462,0.07206151844815498,-0.1554596025696508,0.28791282068317137,-0.5430575897113908,-0.11092189365949197
1976-07-01,-0.06800400382470012,0.04297208734355346,-0.15933217398132904,0.2453871477705737,-0.5281254885401786,-0.1106093211838375
1976-08-01,-0.06498774270853695,0.037733092654314224,-0.1456382969909073,0.20885733158017197,-0.5123066508602323,-0.11036169032676374
1976-09-01,-0.06593998324480456,0.023742441241392433,-0.13741139442288738,0.22074745188777645,-0.496020422071864,-0.10047335781863435
1976-10-01,-0.05991079175400807,0.0220307423424047,-0.0893935883575835,0.21923999367281793,-0.4796519178274889,-0.08634940932173343
1976-11-01,-0.03970413899059217,0.014428910230881014,-0.06276649968434986,0.2122208684993287,-0.4633984130175405,-0.07361541868480696
1976-12-01,-0.005783843402144025,-0.03544978181205082,-0.021789397742286543,0.19159991843625904,-0.44759539196269865,-0.049623786571763875
1977-01-01,0.028367064701932437,-0.03704342758438421,-0.025726293430627472,0.1675025979988277,-0.43020089454655036,-0.04460281953840669
1977-02-01,0.007752172706062284,-0.042173796150538116,-0.04629875367114956,0.15297987538700303,-0.41110931344182283,-0.0509004445738738
1977-03-01,-0.022869235126568015,-0.025958806292127098,-0.046081519494345725,0.14206055325145522,-0.39012276189919287,-0.05821083139530485
1977-04-01,-0.02128624853692036,-0.04697911542544177,-0.039561085423559045,0.126996042051663,-0.36737589855215086,-0.05084961500710509
1977-05-01,-0.0024791911780790367,-0.06178710498240516,-0.03647457820951652,0.1160793248253564,-0.343157869024047,-0.040849041720776184
1977-06-01,0.03248698619412537,-0.07674897303528012,-0.00967261106933623,0.11969211402659614,-0.3180932647955637,-0.01976756052177965
1977-07-01,0.03986373207657157,-0.08877514355524545,-0.01420943300710809,0.12182049804056684,-0.29295438264927415,-0.011340888396799679
1977-08-01,0.037552462264815775,-0.07071227729080361,-0.0179989535339669,0.12154110077147683,-0.2684954804489357,-0.011337718731161267
1977-09-01,0.02393547115912573,-0.06366313087469859,-0.026887572598471063,0.14301603936279814,-0.24518625520952533,-0.008291837282274775
1977-10-01,0.005887891012324486,-0.058709576866718884,-0.056639145448525094,0.15616102395579218,-0.22333568728523698,-0.011843268179785297
1977-11-01,-0.0033007727403744267,-0.052160728003199645,-0.0702617430237405,0.15941910026594996,-0.20294583467921817,-0.012985704434836685
1977-12-01,-0.004394698084801879,-0.051239080472690206,-0.09022256315810685,0.14564086413010954,-0.18391152328862267,-0.016329767985746323
1978-01-01,-0.03764198763510077,-0.04270494328812081,-0.09841798580081378,0.16230797882502276,-0.16420811339723895,-0.019051032944001966
1978-02-01,-0.05214285728496925,-0.024255897400014093,-0.08321443896744049,0.18038570946082472,-0.14404668981863708,-0.01495247584204159
1978-03-01,-0.06399471143372516,-0.013730661699506156,-0.07522071967649899,0.18761301801229516,-0.12346051358558154,-0.01226645299680086
1978-04-01,-0.05075231205720384,-0.00158021346482455,-0.08409474190356082,0.2031047474903365,-0.10284432065862624,-0.006601282732845961
1978-05-01,-0.0714483191720175,-0.006437690017547629,-0.09336961897475793,0.2013003984776636,-0.08268089688133975,-0.00795214930658078
1978-06-01,-0.10151268688701079,0.017120486661159576,-0.0999448681683575,0.19102770645792286,-0.06361385356814113,-0.01823283776534922
1978-07-01,-0.11827269105450604,0.020994170677845814,-0.110128176620583,0.1737609223462641,-0.046210562507345676,-0.02436893570280327
1978-08-01,-0.13086996273245302,0.032223507824972145,-0.1290412714330455,0.15937649666642148,-0.030846381100384696,-0.032720925284886765
1978-09-01,-0.16158750837929176,0.044907411752611884,-0.12840818278331578,0.1384522095012168,-0.017610381253254634,-0.042812254933451435
1978-10-01,-0.18840955772491647,0.061711376939701315,-0.13062582330624858,0.14712236619864902,-0.006457877870029395,-0.04801645392844934
1978-11-01,-0.19639385122820976,0.09095131875969066,-0.09703848162017129,0.12237365441396833,0.0028133674724631083,-0.051839325944328045
1978-12-01,-0.2057195189728809,0.10596935383989145,-0.09188424797336356,0.11783610281224052,0.01030041216533961,-0.055087321161711146
1979-01-01,-0.20175070470330103,0.08339101619636927,-0.09868600972889936,0.11106098862364888,0.018249634967040837,-0.05090342140757598
1979-02-01,-0.16864276115738405,0.06046028194130102,-0.09480520922466994,0.09998166744286816,0.02667960900200101,-0.03944939517569716
1979-03-01,-0.1700626720004781,0.05627158138146059,-0.09679147185938679,0.10286452754711112,0.03559880445725232,-0.036932478647392394
1979-04-01,-0.1703664755351116,0.02746151780498905,-0.09507153704300957,0.10653463033959269,0.044882180056923106,-0.02829654399731887
1979-05-01,-0.1548004794208429,0.026675935920146544,-0.08871913919509743,0.09224653768663606,0.054367268425706695,-0.024716349684748815
1979-06-01,-0.14291519421257065,0.02790863008860678,-0.09837988640089965,0.11720842747017741,0.06381598301088699,-0.017635860044202527
1979-07-01,-0.13145476816875318,0.008169904313929117,-0.08127087409289266,0.1216067113292714,0.07298888421668222,-0.00525999020592426
1979-08-01,-0.12876754343302146,-0.013868805475419143,-0.07670205459207559,0.10714183825378616,0.08168532294556748,-0.0005547262700648435
1979-09-01,-0.1295985808367285,-0.02824134817011333,-0.05785916151196309,0.10556950870280463,0.08980163379194607,0.007230949663234497
1979-10-01,-0.12722145015596006,-0.031426284715856866,-0.04585649294073056,0.1101774864209195,0.09728412558043177,0.013161990724103508
1979-11-01,-0.14291070118489904,-0.040940578401253,-0.041868324326602126,0.1171440401735405,0.10416260959579485,0.015493640531817454
1979-12-01,-0.13425572437187233,-0.05507028474177678,-0.043579248317544214,0.12328318410242596,0.1105866577031279,0.022221030771582828
1980-01-01,-0.12094187028351025,-0.06302065562240906,-0.05726784176074932,0.1308763053268194,0.11778573907131466,0.026694597595256726
1980-02-01,-0.0962915717657832,-0.06258115373762352,-0.05440217129884528,0.12520881878832973,0.1257407217178088,0.032567390235826735
1980-03-01,-0.07312577128141978,-0.06163228111987429,-0.03501864941141943,0.11680306879182657,0.1345283574937617,0.04096385734252468
1980-04-01,-0.05176157726194629,-0.09477156820665113,-0.03424399296142726,0.10117592376967272,0.14411275041501206,0.05081093443359248
1980-05-01,-0.03244982245200536,-0.1002993906887811,-0.02598712298205637,0.06849208834270636,0.15440532191808928,0.05295197110310301
1980-06-01,-0.0009452836909498459,-0.117692605331554,0.007284017400190705,0.06051573151101668,0.16520177785837278,0.06994976968203687
1980-07-01,0.026108229809125617,-0.1507003079325427,0.038149513707985465,0.01991346968958775,0.1762348660321353,0.08222127743427539
1980-08-01,0.0638762078409838,-0.17591775729795683,0.06099853023967081,-0.003948575320343174,0.1872276551493707,0.0968143150415278
1980-09-01,0.0999013563115305,-0.18951985018679135,0.07757517362721175,-0.0025053500818709522,0.19798765504724983,0.11249573701818251
1980-10-01,0.13608283199153692,-0.23067593811760287,0.09382807131049137,-0.007780449682225782,0.2083643723323399,0.13223415281394907
1980-11-01,0.16635084818187035,-0.24411628516426262,0.10251138068817099,-0.004717463596413532,0.21831965524349525,0.14531614113627717
1980-12-01,0.2076854906720871,-0.25297138458911667,0.11404759996485213,-0.028460083249956372,0.22778835628857205,0.15480654965293433
1981-01-01,0.2198311150338848,-0.26480567440136843,0.11470525382806916,-0.03531788274024924,0.2370767165773633,0.1602201754200873
1981-02-01,0.21080804510401308,-0.27582165656500046,0.10614521556755131,-0.03256331915035844,0.24595701779220758,0.16123372317568277
1981-03-01,0.23084554324431053,-0.2985343922143682,0.08307908033266963,-0.03843779324864348,0.2543308347989502,0.16567041146833103
1981-04-01,0.22724252743833298,-0.3178964732079471,0.071037637129521,-0.05002205778534214,0.2619717553995622,0.16562526707800423
1981-05-01,0.23899209072480596,-0.3225908002356712,0.07064525988302402,-0.047900056435416144,0.268648034056448,0.1705952256929066
1981-06-01,0.2537009749304256,-0.33723521648745725,0.0895605780536055,-0.012339721713215113,0.27411811948646686,0.18845503344894804
1981-07-01,0.27729841928926274,-0.36096021533734113,0.08648939752352372,0.006960122318317489,0.27822224601459816,0.20198608009660862
1981-08-01,0.29603457428087904,-0.38141840943879673,0.07726473810024172,0.035419902733216685,0.280928017610617,0.21421312843275023
1981-09-01,0.3196807759343725,-0.39727277029782687,0.06025096617240299,0.013615645002573725,0.28233060848831887,0.214630153179099
1981-10-01,0.3154361052055122,-0.3989890297019815,0.03595962461443715,0.01027179636682073,0.28258625720070485,0.20864856261789128
1981-11-01,0.30616691511480004,-0.4004328638027397,0.013173088835087,0.018648668657988306,0.2818681568972113,0.20405793866156524
1981-12-01,0.27596525946817885,-0.38926742199699,-0.02024071778779011,0.028881950816139576,0.28040230133878713,0.19085524316646113
1982-01-01,0.24630282389062808,-0.37933110470871334,-0.020778294784509776,0.04834227128885686,0.27749588646579887,0.1861387583138975
1982-02-01,0.23403626318818016,-0.34830159362192675,-0.030330555707764474,0.07349533005617559,0.27288055721229765,0.17967663767416314
1982-03-01,0.23874040766370191,-0.35698447495097896,-0.02334863666064422,0.07209345519853134,0.2662539248699404,0.1821447252045017
1982-04-01,0.24395770991571059,-0.35572019961202345,-0.04607944473091979,0.08198283632906775,0.2574218176255749,0.1786006237502914
1982-05-01,0.24022371899567124,-0.3574512738531259,-0.05521059470353616,0.07613467482539514,0.2463217606523102,0.17298416672459327
1982-06-01,0.21815100717966598,-0.3567585312927496,-0.08880181725154974,0.05127074403377871,0.2331865631109731,0.15411300567312353
1982-07-01,0.21608295577015982,-0.34570711588443237,-0.0952236587159214,0.04406493140074113,0.21850268271497933,0.14582680541087828
1982-08-01,0.21668523491316924,-0.3561635134469212,-0.09960487279861231,0.02654407851708431,0.20289209471294,0.1405360097583005
1982-09-01,0.23278231642200478,-0.3649615382106923,-0.09047684641374452,0.009301890758797522,0.18685983040054735,0.1406857458756595
1982-10-01,0.22839981106506782,-0.3673122607990184,-0.0751375444291528,0.009287860818828141,0.17082543648275245,0.14013756494730284
1982-11-01,0.22735860110336642,-0.3689765714571377,-0.033790781801746675,-0.013250878623997178,0.15495883690772974,0.140850469808498
1982-12-01,0.22576824009155086,-0.3738828318222709,-0.04521442671771872,-0.000726877106353647,0.13931446723084256,0.1386048470641184
1983-01-01,0.25140287011684526,-0.3816393379598819,-0.06318543447633353,-0.015457231753195329,0.12398104553502215,0.13567611747644412
1983-02-01,0.2504220939782565,-0.35316061788208225,-0.06957614563990336,-0.035827032181744774,0.10934578926382439,0.121505064660503
1983-03-01,0.24736359223707147,-0.3547799133362319,-0.06140845008477569,-0.04779415920687218,0.09559700508367443,0.11770758027306599
1983-04-01,0.23200134711638395,-0.3467135977360396,-0.060591844615027174,-0.048774581604326774,0.08322233052746258,0.11051416983210645
1983-05-01,0.24966013073218257,-0.34705802645237577,-0.06319029220491787,-0.05564712014359733,0.07274131379438463,0.11012441172608557
1983-06-01,0.27144010674560237,-0.36449151936688,-0.05925258644708494,-0.0635913950856775,0.06470241650097362,0.11555801221613872
1983-07-01,0.3086282577053735,-0.36767154657567586,-0.06388952524164608,-0.07461125678382814,0.05945105135092162,0.11945001472129936
1983-08-01,0.3561660912371762,-0.39885579414877015,-0.05513854154862143,-0.08643996344568829,0.057038203571926085,0.13409631679271253
1983-09-01,0.38154636943165166,-0.40178921401232354,-0.0363158725983098,-0.1030232142812262,0.05723890088582798,0.14024707949005347
1983-10-01,0.4051575964483771,-0.41545209262436794,-0.02185278690619158,-0.12232548608444631,0.05970272724659142,0.14722682866573975
1983-11-01,0.41024196961899023,-0.44031931616924375,-0.04441113334760486,-0.1398562840030839,0.06405193953515417,0.1460691615945399
1983-12-01,0.4200628066966288,-0.4656887747730017,-0.04826008246625442,-0.14078469091715912,0.07009753203565364,0.15336086802437413
1984-01-01,0.4133701139890293,-0.44511448695348577,-0.04517786632655157,-0.1204863947040091,0.07490437565157032,0.15354494311270495
1984-02-01,0.38385891051960697,-0.43518471438954703,-0.04589696333265555,-0.11120865967435141,0.07826379136904599,0.14804035865423862
1984-03-01,0.36093480985074533,-0.40226752933911525,-0.023266610555801027,-0.13477144963108004,0.07994320633334769,0.13702149706726546
1984-04-01,0.3558482001624244,-0.3710390079824522,-0.038754266253693166,-0.14272740106098353,0.07969279900238921,0.1250196679665178
1984-05-01,0.3410088850819459,-0.3502692213591165,-0.04561414594262645,-0.14948191464257737,0.07732986366040467,0.11470238190325265
1984-06-01,0.3282281325529764,-0.35290526287100893,-0.050373978746669844,-0.17853599012208482,0.07281089433639751,0.10500686417832564
1984-07-01,0.316432442330475,-0.3261993750222297,-0.0770382839681254,-0.19654860963734488,0.06626319465995813,0.08706162368143854
1984-08-01,0.311171304560046,-0.29189412152954575,-0.0839554760461923,-0.21312504877957206,0.05796642786834283,0.07279026582643404
1984-09-01,0.29497439347044563,-0.2778653085065974,-0.09805827916414961,-0.22069779629819095,0.048242391981888386,0.06046520369931818
1984-10-01,0.2777755700071277,-0.24618937513844663,-0.11610163442669337,-0.228169735847041,0.03743080838778918,0.04342487665192583
1984-11-01,0.26361070964890243,-0.22607124618707933,-0.12741241385697352,-0.23918855049026508,0.025772423214886743,0.02977068294072598
1984-12-01,0.25483377184500894,-0.20071551515224012,-0.1286385866881855,-0.23119225758127868,0.013583392329587891,0.02186036701147456
1985-01-01,0.24388147550033773,-0.1995541092137518,-0.1171428597574358,-0.23871451484349868,0.0017797702541535862,0.017871596073461737
1985-02-01,0.212900743829534,-0.20142084072027117,-0.10578397773936993,-0.2494587276596576,-0.009460021096643328,0.00992377161082687
1985-03-01,0.1792513950332494,-0.1586741454213842,-0.1086236709251278,-0.23882021598207454,-0.01995015151163697,-0.005893699592841129
1985-04-01,0.16433879015557212,-0.12227304852023156,-0.10470276125858137,-0.22758991660860678,-0.02934850776461797,-0.015005869391200471
1985-05-01,0.14446478961685294,-0.10498731576360147,-0.09696623901096411,-0.2111695643980056,-0.037337509138860824,-0.01920424143347521
1985-06-01,0.1275509271892445,-0.10557561048571844,-0.11805178084647577,-0.18795882679211598,-0.043656591549725746,-0.023308132302670894
1985-07-01,0.1062007259648483,-0.10150983352023332,-0.14288851148726883,-0.17471340129462382,-0.04820846240072034,-0.03161996313950627
1985-08-01,0.06771932800478994,-0.07267915325060367,-0.14847329421511468,-0.16662660106085242,-0.05105918636993074,-0.04515212007810084
1985-09-01,0.02592251347890305,-0.0310636356422204,-0.14276802090526886,-0.16064733193876843,-0.052380693919182236,-0.05976197952841921
1985-10-01,-0.012835504316673416,0.004398785210685918,-0.1588942134815962,-0.15882260935225834,-0.05238974922774064,-0.07746817231779092
1985-11-01,-0.05217389271447364,0.02622278648734465,-0.16348471311662383,-0.16467530214382956,-0.05128545522396636,-0.0915684299372476
1985-12-01,-0.09223338104023224,0.045348596496028744,-0.17066376549736362,-0.15410062654409556,-0.049125280455967736,-0.10229433000673757
1986-01-01,-0.10357958383830979,0.06477180600818358,-0.18728411274277815,-0.13159012430502723,-0.04699862600187184,-0.10684485057923411
1986-02-01,-0.10793151657164565,0.09959296590648604,-0.19103117022323,-0.11901474678112815,-0.04498727271447576,-0.11251153443939313
1986-03-01,-0.13041551231079967,0.12089791738627337,-0.17536692623825764,-0.11632148011121898,-0.043149722448147326,-0.1172303116989394
1986-04-01,-0.13858188265149232,0.12552569943051745,-0.15788001692915202,-0.10966975175930808,-0.041627320205908966,-0.11465693419527576
1986-05-01,-0.1541616117187769,0.1538022490765477,-0.16324324773129112,-0.1298517503698046,-0.04057408393560404,-0.12832658856640486
1986-06-01,-0.1747853152168485,0.1883907532027664,-0.17852947683348214,-0.15443769922324765,-0.04013352138555345,-0.14725535317237962
1986-07-01,-0.20288521344609917,0.20409950465000987,-0.18041641326820654,-0.15847991772461684,-0.04036369122207032,-0.15724894806220052
1986-08-01,-0.20927455930133126,0.21998518649308282,-0.1909276849950708,-0.18718087840049216,-0.041217166238356216,-0.16971709508566665
1986-09-01,-0.23228307488946628,0.2560947073703087,-0.17245844071915342,-0.1748109372255082,-0.042578461389567133,-0.17564512431880072
1986-10-01,-0.2433909873047947,0.29009586944427224,-0.16962568537462758,-0.15447014588086555,-0.04431371643773848,-0.18037928088845973
1986-11-01,-0.2575524469450419,0.2906032253134362,-0.15676757659238094,-0.16649360004036376,-0.04631424904802191,-0.18354621958784895
1986-12-01,-0.2464831050546437,0.29828931411807613,-0.1384496637864886,-0.17644642347004263,-0.048399034874465126,-0.18161350826074324
1987-01-01,-0.2374456218584033,0.28133253103948586,-0.13151135744413972,-0.1810362607628728,-0.050964787522185494,-0.17645811172541742
1987-02-01,-0.20172847263181393,0.24990404819027068,-0.13375522563513112,-0.1947875887543584,-0.05397319909790272,-0.16682970686189538
1987-03-01,-0.17964189415709134,0.25215408295350417,-0.13715503960618391,-0.19600398445036263,-0.05745876312964061,-0.16448275285935654
1987-04-01,-0.18398885374419344,0.26103152904303184,-0.11409802720942187,-0.21925841126746187,-0.061387274522390935,-0.16795281915729998
1987-05-01,-0.18237003259869153,0.2675891228652478,-0.10132883810539851,-0.21987688396281252,-0.06569988744899014,-0.1673729529962281
1987-06-01,-0.1792437994702848,0.27080078435226584,-0.09105617822761918,-0.21524148438281068,-0.07029408214086916,-0.1653272657147699
1987-07-01,-0.1672176829114733,0.2648696369901437,-0.06177491153626988,-0.21209113949444144,-0.07506712106327074,-0.15620409839911983
1987-08-01,-0.15877099411588885,0.26174746913426994,-0.022885823354352068,-0.19576373203502348,-0.07992814661345272,-0.14381923305059738
1987-09-01,-0.14132022939652902,0.2577592054725567,-0.01779104300425336,-0.17978006158179294,-0.08481721517925786,-0.13629355092687798
1987-10-01,-0.11444409953519091,0.25287055731342695,-0.03893646081625425,-0.1615448815515265,-0.08968046810256115,-0.13149529346379193
1987-11-01,-0.08889120208723945,0.2419129824935561,-0.06400967874122539,-0.1422124855608369,-0.09449245631027132,-0.12630376103862584
1987-12-01,-0.07917802309987969,0.23866429616375281,-0.07340520403648158,-0.1421309942457204,-0.09914991091485438,-0.12650568569213777
1988-01-01,-0.09910380801815095,0.23756429165202939,-0.073417861044932,-0.13688098037770638,-0.10421832800494352,-0.13023705381955245
1988-02-01,-0.10272347485328277,0.20145032066649382,-0.07860720737787867,-0.1230447769863531,-0.1099268286022632,-0.12315052169725431
1988-03-01,-0.1061543867050184,0.19388615630605452,-0.0899072812030512,-0.1338804176154857,-0.1163495476965157,-0.1280355579052251
1988-04-01,-0.10411322046401342,0.20985848295469112,-0.08952447522914761,-0.13337263422242054,-0.1234904874781966,-0.13207186006969387
1988-05-01,-0.12140908102480734,0.21459542911884222,-0.0893607568800978,-0.12978611620298278,-0.13132207244243552,-0.1372946911338331
1988-06-01,-0.13981337052472417,0.23834415977281634,-0.061455329778283156,-0.11015176333021373,-0.13973263977184658,-0.13789945263557676
1988-07-01,-0.17290317944924055,0.24122597955067784,-0.055964746350972816,-0.07669160621395955,-0.1485503173826734,-0.13906716578950482
1988-08-01,-0.21428936505548526,0.25334020043217526,-0.06060064694343532,-0.0532423511845991,-0.15756120564538054,-0.1478067538522151
1988-09-01,-0.2382516085721858,0.266713982029678,-0.07582182078333295,-0.023496670097423098,-0.16658293591376053,-0.15417340347927605
1988-10-01,-0.2567869942957345,0.27923363694323167,-0.08276588189619576,-0.005742835571678978,-0.17545690943981096,-0.15999725162933037
1988-11-01,-0.26541093601440674,0.2829017775902965,-0.09070111927373493,0.02468367062974721,-0.18411166217267613,-0.1596883648842734
1988-12-01,-0.2751720505644698,0.3031633481321609,-0.08562539840812138,0.02067906414934744,-0.1925499928279744,-0.1671663451566758
1989-01-01,-0.2704860465004526,0.31125892884026835,-0.09058512969508534,0.0183520968304947,-0.19926870619724385,-0.1706493428805111
1989-02-01,-0.2669117691188189,0.30979336110298755,-0.0875660273328548,0.010086904210038482,-0.20401979965045877,-0.1716408105990163
1989-03-01,-0.22835701077084586,0.28152943453460094,-0.0904991424944273,0.027425551158376037,-0.20643778963636672,-0.15587956525557295
1989-04-01,-0.2216151150844538,0.28271214266397865,-0.09510480465159629,0.012881200256136557,-0.20613905203208335,-0.1585379828351951
1989-05-01,-0.22041226889123514,0.29082971280183784,-0.08167042963774625,0.02668949364839742,-0.20285536304775045,-0.15381565614603446
1989-06-01,-0.2241605176425538,0.3423120116809171,-0.07177424053667156,0.03233819950837642,-0.19656341346136133,-0.16049439676262545
1989-07-01,-0.23101067789185484,0.32875186679672713,-0.06253782759514584,0.04177071600376318,-0.18751969336728883,-0.15360986992945067
1989-08-01,-0.23441584080374306,0.3217158910050778,-0.037168664458995165,0.036659301809656125,-0.17619655928426345,-0.14656753074848466
1989-09-01,-0.23405383996294452,0.32936953617343523,-0.03470230787413783,0.04693760473746806,-0.16308500813765764,-0.1428546174821414
1989-10-01,-0.22866184997541192,0.3286581860654804,-0.017239957972514947,0.03817859204330791,-0.14867488820032343,-0.13701125803408457
1989-11-01,-0.22670684456212,0.31206312600595043,-0.025710789245961676,0.034748546398865675,-0.133281998932785,-0.13260284246959028
1989-12-01,-0.21913060351580613,0.28918276217237654,-0.02178835517089269,0.026683968422003084,-0.11724949844243286,-0.12413345017590104
1990-01-01,-0.21637523438359058,0.28830804286982575,-0.02749881059482783,0.03935226362664252,-0.10222550297870986,-0.11901106544006229
1990-02-01,-0.19622208492281734,0.2683319744251697,-0.04949078694818861,0.04525279861409216,-0.08852569103265566,-0.11146354774294781
1990-03-01,-0.16811780502664309,0.22264159475839376,-0.051696625119675335,0.04691424455959349,-0.07645658607852664,-0.09439967328472904
1990-04-01,-0.16149155065504883,0.19572325247394698,-0.051494061264434676,0.0378002816112712,-0.0665626742929438,-0.08749425141502061
1990-05-01,-0.14735187736508706,0.18168943205982782,-0.05128405159031248,0.043221390860465655,-0.05935479341111713,-0.07929175271317576
1990-06-01,-0.14348775035044997,0.193234174556116,-0.042771250595095,0.015220386402991901,-0.05524898351143811,-0.08390435452202143
1990-07-01,-0.13613362260203918,0.1885750312260803,-0.042302767210574625,0.008663824441221843,-0.054377227441787794,-0.082544964807852
1990-08-01,-0.11604970304997164,0.168103478615842,-0.010699975946214376,0.0045993304112926054,-0.05656374883966476,-0.06936351520808001
1990-09-01,-0.0982831010258624,0.14047195711096958,-0.017836808011245667,-0.007966021611355253,-0.06143137931206865,-0.0651978534143003
1990-10-01,-0.08507004035354428,0.10914554174932471,-0.011114842311043626,-0.0029418683921297456,-0.06851289105113421,-0.0553570367714353
1990-11-01,-0.06847799176189624,0.08080495254826187,0.0036555527813778594,-0.006386790890246635,-0.07739995431566138,-0.045882827346937646
1990-12-01,-0.05519816474234262,0.062238448702449864,0.006205896950198077,0.0002295337927838111,-0.08776296642276742,-0.03975282982491559
1991-01-01,-0.0346840267067101,0.03900521843885643,0.029033621484842283,-0.017126175978531444,-0.0976860517516162,-0.03189357027817437
1991-02-01,-0.03559045432715906,0.03796695363299528,0.04849480512169018,-0.031088631072392067,-0.10676783397939658,-0.032583813578050555
1991-03-01,-0.020032235054615936,0.03542043878745261,0.03174815543046229,-0.030403221119195224,-0.11478029524605367,-0.03377760695537102
1991-04-01,0.010875077497516391,0.03271487454740694,0.011247685357618354,-0.029414002069582543,-0.12133294771758824,-0.03226781229588859
1991-05-01,0.045925623820919005,-0.013334497650125869,0.023217154080132016,-0.022378918994218115,-0.12605829953143755,-0.01319198859489575
1991-06-01,0.07780447392338193,-0.0409582328087849,0.020237325986422108,-0.008020267883936567,-0.12868150147555496,0.00045965267181948634
1991-07-01,0.09343441420287125,-0.06471688164424604,0.03375030025187877,0.006005893399318055,-0.1291532768661528,0.013750842526432272
1991-08-01,0.11823959812115827,-0.08781567324532837,0.043242916984940906,0.018224933510646222,-0.1276598686506073,0.0279726506422933
1991-09-01,0.1650344067581983,-0.12448338464937149,0.0377305315750785,0.01564440045816203,-0.12451101172325424,0.043676342343511226
1991-10-01,0.17967422688084217,-0.16666158462520916,0.022978701850638186,-0.005318225283796591,-0.12005174843908274,0.04878890792676205
1991-11-01,0.18049186258770888,-0.15881593825709672,0.041227999112610214,0.0023221874143928276,-0.1145535903405294,0.053660879406255864
1991-12-01,0.19271054019940906,-0.17423325883278873,0.034541674755471284,0.011471414333209395,-0.10837495742115251,0.0609163861399452
1992-01-01,0.19786861220890287,-0.17188138723611984,0.024600384828165626,0.0011673860407123973,-0.10267654619480518,0.05856824482381911
1992-02-01,0.17026520391105066,-0.17490533310634604,0.047953758968085035,0.0027222593780606985,-0.0976834186095184,0.05963262735080481
1992-03-01,0.15640070769998626,-0.17308440280080475,0.04011106112046762,-0.009156850958243016,-0.0935139849309544,0.053385067146412245
1992-04-01,0.1520728539995163,-0.18998559191115255,0.032358105550200494,0.003315904752040899,-0.09040746532817164,0.05746499817694772
1992-05-01,0.15324459974909946,-0.1924603210532147,0.01786255232454549,-0.008323566600059474,-0.08860673390876,0.053327434523608025
1992-06-01,0.17896248997511888,-0.19716679813935772,0.016818997967619913,-0.0020712002956618904,-0.08835340696368639,0.06050473576454964
1992-07-01,0.184983684173647,-0.20350471557082594,0.0026984450486557733,0.009497971227392548,-0.08977359801218401,0.062182243601667464
1992-08-01,0.195221687690143,-0.2068247339254139,-0.0376327392740211,0.01302224461299677,-0.09282623639117728,0.056921938112671065
1992-09-01,0.1949378316067428,-0.20666957576203082,-0.026759673694036083,0.009334032377228133,-0.09732363897447026,0.05737162541549909
1992-10-01,0.15496032582739946,-0.18015407368180578,-0.007242659596127573,-0.018913181979830072,-0.1030037723968036,0.04119095710728881
1992-11-01,0.1219417142325378,-0.1720969445603876,-0.013442616027312967,-0.03455998535888891,-0.10962028412908262,0.02728315465552818
1992-12-01,0.09565335009228945,-0.155846184897703,-0.0193562773563704,-0.03625954195546608,-0.116986792522019,0.0157793846312274
1993-01-01,0.08856274448249515,-0.14265997888313792,-0.019673108543847302,-0.03541817893274129,-0.12459623690718749,0.010307039796371407
1993-02-01,0.09770597903361612,-0.1547523496022523,-0.021348462912538477,-0.041095931005353734,-0.13230555958739817,0.011541675026115613
1993-03-01,0.11076652835135156,-0.15010506291425682,-0.022997280267139573,-0.02297747503034771,-0.14009531234006112,0.014960304725612002
1993-04-01,0.13951697637788046,-0.17324162090328185,-0.016780267117225182,-0.03166041437846919,-0.14785609070097985,0.023292365016897635
1993-05-01,0.11928530210777072,-0.1717102099839716,-0.018764893747739146,-0.01862096775633594,-0.15546687420129437,0.019628555277274577
1993-06-01,0.10448720039332068,-0.182200599423219,-0.038027720168468955,-0.0340297854350259,-0.16276111670781276,0.010373835501046424
1993-07-01,0.1108000372414883,-0.1815406235898283,-0.04158338421455679,-0.05064478133184215,-0.16957002804493465,0.006108493447996606
1993-08-01,0.12054474004821439,-0.18512675376437782,-0.04446559065849221,-0.07385234946074587,-0.17574748350527433,0.002321214037615968
1993-09-01,0.1380715447220568,-0.2021827528734493,-0.01426108567942181,-0.08332798271439971,-0.18121889857961945,0.012289266124413036
1993-10-01,0.14491843371380975,-0.21358789509443663,-0.02016407986800357,-0.09909059344790877,-0.1859521930588169,0.01065989248670343
1993-11-01,0.15307901322062095,-0.2220178328388842,0.0042105536296010255,-0.10335732041858138,-0.18998548980186547,0.017192917893731875
1993-12-01,0.16366816698485195,-0.23024395320637264,0.004203242151237106,-0.11073581925593318,-0.19325800681709157,0.0188243072538874
1994-01-01,0.16572126393574513,-0.25094351182818325,0.004442087739454388,-0.1261608608222256,-0.19770692896755998,0.019447814742719446
1994-02-01,0.1631410061694753,-0.23673729419156464,-0.0011184991134402925,-0.1088022226622949,-0.2035139678908369,0.017288722138893584
1994-03-01,0.13864363359751158,-0.21257069250620594,-0.021532234204332545,-0.10356240565888583,-0.21091068032772947,0.003041801182553946
1994-04-01,0.15185784413464395,-0.24732867179235907,-0.004388758638204929,-0.08968203261805077,-0.22000611380178908,0.017021922173791657
1994-05-01,0.16219539228794472,-0.26890473533229403,-0.01910039517627047,-0.1045755179754148,-0.23079483639144194,0.01532587561542231
1994-06-01,0.17210307798291824,-0.32240206618720335,-0.028231175237626294,-0.10056310459040103,-0.2430229477079882,0.024537583326821218
1994-07-01,0.18225148174132996,-0.3202356494296053,-0.026039111256373718,-0.10256899317416052,-0.25625372140548,0.023525061066984213
1994-08-01,0.19689387669966882,-0.3479735684074139,-0.048519671321692964,-0.10139125357381999,-0.2699755078694539,0.024996202468423177
1994-09-01,0.20757666976909747,-0.36771428218392116,-0.03615891475538362,-0.08261832664720714,-0.2838004599999063,0.034542650110104316
1994-10-01,0.20645076376737448,-0.38333858123897774,-0.034119427579906526,-0.07534522378506758,-0.2974173974127013,0.03658145924573535
1994-11-01,0.206165404897739,-0.38293040818121277,-0.020382584202869734,-0.06326581203999618,-0.31071615317744644,0.038946252731727894
1994-12-01,0.21836220925831204,-0.3787220220736876,-0.008737038416806146,-0.07434733126622935,-0.32371501215078163,0.038056969899636514
1995-01-01,0.22299198451765995,-0.3804488853101231,-0.006172127511469147,-0.09546515011849503,-0.33345059793694964,0.03367059885217386
1995-02-01,0.21091211729511403,-0.36864961077208785,-0.0036756130662805382,-0.100501124203826,-0.33919597029281706,0.027237804100855665
1995-03-01,0.19755221416224597,-0.3558464743980568,-0.01779157306881419,-0.08820132105611264,-0.3402424913634445,0.02143266061438628
1995-04-01,0.2022549849176639,-0.3554117872334838,-0.03343997682865694,-0.07496909860831996,-0.335805447611138,0.022690449820606574
1995-05-01,0.22244700732069284,-0.35226663561810434,-0.04088997950083185,-0.0782969139283523,-0.32530373978457877,0.02604460194500687
1995-06-01,0.22220608011152385,-0.36710760413224514,-0.0509119747117354,-0.05824914348777384,-0.3086150760605538,0.03430749799674122
1995-07-01,0.24041675647072103,-0.36464370350578845,-0.05692870749983393,-0.04742284688012054,-0.2862075071382552,0.042900279691659965
1995-08-01,0.24131156224888797,-0.36944927805658223,-0.0854933512847761,-0.03383269382175058,-0.2590433858540453,0.04647828186897964
1995-09-01,0.25051017413282994,-0.37968594529442146,-0.11665837190771698,-0.020109157986007636,-0.22818009870328998,0.05304969816604736
1995-10-01,0.24504052483531083,-0.3741792684366843,-0.12369830938575434,-0.028779610719842218,-0.19469921744661328,0.05440853114395707
1995-11-01,0.2565707786433004,-0.3680508000047485,-0.1364188752024988,-0.03561387978649388,-0.15932108410098383,0.05865354791161447
1995-12-01,0.26213939018933774,-0.3621790527426841,-0.12003076429625545,-0.02783014300124099,-0.12268289844088548,0.07075492743872798
1996-01-01,0.2389057309607471,-0.3312265540677349,-0.13823685022509075,-0.02065445728755246,-0.08679934072004845,0.06488832735915807
1996-02-01,0.24941158867221697,-0.36087190748111725,-0.15501772703833988,-0.021554509278697277,-0.05258138545569009,0.0762259748761214
1996-03-01,0.2451547875179699,-0.3723000669827287,-0.129083057578664,-0.03162976153350125,-0.020496861686282505,0.08724903474045019
1996-04-01,0.21013445539003936,-0.37344026587358087,-0.11112547958039246,-0.046194614943427345,0.008417989743056313,0.08693452329657135
1996-05-01,0.17863814372205028,-0.34349665671663115,-0.11670643676672869,-0.037398764467798176,0.03311030229789638,0.08022798030041019
1996-06-01,0.15330127814224453,-0.33762684508535196,-0.10537613347280822,-0.04312546846922487,0.052548098028638864,0.07899492386284047
1996-07-01,0.14156218281098007,-0.3116240846809562,-0.10655401208044167,-0.03981194493826479,0.06613292788124893,0.07459064767089577
1996-08-01,0.11207159809279399,-0.2544823763538835,-0.10978411038704758,-0.0428194003722941,0.07384209570148174,0.05755851187776352
1996-09-01,0.0716525320891181,-0.23483537406061866,-0.11586358551660221,-0.05440364690342298,0.07615361369799774,0.042474857485541875
1996-10-01,0.06842885116043598,-0.22129965613079394,-0.12082968869838569,-0.044202834980872775,0.07376989632859934,0.03969317598811417
1996-11-01,0.06860528362115319,-0.2289221431580765,-0.15767690688159747,-0.052786911395378416,0.06742674990623079,0.03089807168169693
1996-12-01,0.06136706356742757,-0.24183883420223665,-0.1701356161790522,-0.03911742294051996,0.05812811899928409,0.030416195529875248
1997-01-01,0.04493860460309316,-0.25559880302880394,-0.16876626135724884,-0.03201756799438348,0.05111781078627601,0.030174277813308174
1997-02-01,0.09174394992822138,-0.26170461892782415,-0.16711437348772157,-0.02526306981065622,0.04679241450174111,0.04157270801188178
1997-03-01,0.09415791771616147,-0.2680595464970963,-0.149539866512136,-0.013030251852857576,0.04558409002992214,0.049046287175637276
1997-04-01,0.16623183590384757,-0.27144712924404074,-0.11200321016148353,-0.010576001298613852,0.04798679231853982,0.07261730920126615
1997-05-01,0.15676087403708236,-0.25582335048857524,-0.09643400637460445,0.0022204543231055087,0.05438771952514296,0.07455167839986034
1997-06-01,0.13267399772825303,-0.24353152340319714,-0.08474899808324858,0.01622471760492771,0.06494294083086884,0.07452483629679964
1997-07-01,0.11752764705436461,-0.2300583697608183,-0.09359203366873088,-0.0003266899458443162,0.07947330621886982,0.06662811988389551
1997-08-01,0.10817085800325765,-0.2283923781794759,-0.04565944885604204,-0.01735875320155174,0.09746685273871562,0.07420237737277109
1997-09-01,0.10064132122394594,-0.22819426071554125,-0.08235437647736872,-0.021483427650916088,0.11827315119573938,0.06865418580138836
1997-10-01,0.12375585678934138,-0.25323469736092347,-0.0560018316865177,-0.0024354312491292837,0.14116797339463436,0.09194425292185045
1997-11-01,0.14670453466487363,-0.2549281015914123,-0.026827421836005987,-0.0049620006155843615,0.16561778442583233,0.1070921996461056
1997-12-01,0.19657480958230203,-0.27634855755526466,-0.014282552100381195,-0.02683254206397882,0.19080586634238597,0.12452282786311854
1998-01-01,0.26850507765527293,-0.29251432324126053,0.004017814870048135,-0.03464089978951961,0.2160887001840583,0.14929700323222406
1998-02-01,0.28934674332069965,-0.2959025216926579,0.011282883787663647,-0.02756609407564005,0.24128700221923713,0.16205061138892368
1998-03-01,0.3015505457610625,-0.30714144791303677,0.03313289503624138,-0.018835526549567785,0.26627588801937285,0.1778530500360292
1998-04-01,0.2972606614422426,-0.3291065417498552,0.0363566531817233,-0.012294734424601012,0.29055906882206733,0.1881976381542575
1998-05-01,0.38686784746076447,-0.33950155077834737,0.04466507022578563,-0.01540986786906919,0.3135916801344179,0.21384325614604924
1998-06-01,0.45282033239468034,-0.3596526769550664,0.03606480403314081,-0.014400244659433773,0.33469017643205673,0.23376554903110208
1998-07-01,0.5299865897094134,-0.3719944980069326,0.040236464157191294,-0.019426446066548437,0.35326444789184086,0.25521111073976593
1998-08-01,0.5669315425265359,-0.37456766065048785,0.056923649316468,-0.021723115351051103,0.36892493089102835,0.2691249336066938
1998-09-01,0.579969161233011,-0.38243648222536136,0.046425347729111874,-0.024508919597913834,0.38159890855352313,0.2731841960286187
1998-10-01,0.5807819981887297,-0.38472029529583474,0.04660120116697806,-0.03019496478761237,0.3913943886142798,0.27466058369564195
1998-11-01,0.5842391131432468,-0.39627130407654093,0.02113226398291442,-0.04555788316453498,0.3986008828222471,0.2709371361720828
1998-12-01,0.605385733599665,-0.41209061449005296,0.023106013876348124,-0.027169844290862496,0.40338608790342984,0.28335972111572666
1999-01-01,0.6148979928816191,-0.421171996228035,0.037166445672286205,-0.017861777078360334,0.40718572278530174,0.29251207609777635
1999-02-01,0.6141092729827556,-0.42939856826961564,0.03286408263378283,-0.009984337817877546,0.40983242837448464,0.29524400288855224
1999-03-01,0.6147532278696691,-0.4256808585866919,0.04495029610820908,-0.026917725335806622,0.4111301014807828,0.29391935174190925
1999-04-01,0.595487790101523,-0.4302541277331221,0.03301853300559866,-0.0008917356841266303,0.4108516229354153,0.29374406761830646
1999-05-01,0.5890762679954966,-0.4108778158486302,0.038480659452138986,-0.001662469437966759,0.40881938288807534,0.28911833134927495
1999-06-01,0.5812229146941351,-0.4127909017937926,0.048209969737471624,-0.00991473356261851,0.40496335699774133,0.2874544819321044
1999-07-01,0.571909602912522,-0.3907490171935766,0.0826010211591731,-0.019268735777586712,0.3993683589789391,0.2850718528933249
1999-08-01,0.5562108933425257,-0.35825923679837146,0.10641662585147812,-0.0035516292167206763,0.3922659942666552,0.28192022420846197
1999-09-01,0.5499880335989232,-0.3550995528580545,0.09328082982672448,-0.016029963921755565,0.38394074315239585,0.2732558391028685
1999-10-01,0.5494253262673073,-0.35899620942523924,0.07323453459112844,-0.01896576791380844,0.37470094278472815,0.267478249030919
1999-11-01,0.5567027986465235,-0.3523898907250945,0.07195541323684379,-0.03456480115031204,0.364767290638875,0.262250118419405
1999-12-01,0.5444100471764062,-0.35323999106378307,0.06022394252506312,-0.015924074842284138,0.3544457403788494,0.25927912926036356
2000-01-01,0.5327899467347741,-0.3422610549650129,0.06656330543582821,0.005778794890890504,0.3410226934778128,0.2576831591008637
2000-02-01,0.5410252506685861,-0.34965435311160703,0.08761355494386355,0.023927455550680543,0.32410078377325713,0.26526427960959886
2000-03-01,0.5450776442237213,-0.3519227307547576,0.12908063172663672,0.0029794081114232394,0.3031262157439047,0.2664373261120887
2000-04-01,0.5390630632930894,-0.35964617934671167,0.15414694130518164,-0.015764674389114,0.2778746271600289,0.26299322734317954
2000-05-01,0.5046725808814966,-0.34031512151236387,0.15178311271550451,-0.03226190533023329,0.2483904213262398,0.24257986622107428
2000-06-01,0.4872635873433295,-0.3277490403975057,0.14765038253249793,-0.04734200115781279,0.21531020433145678,0.2261262426893954
2000-07-01,0.4490200177887199,-0.31865314002060025,0.16675936476881734,-0.044856100537193334,0.17970445497561027,0.2138561754033109
2000-08-01,0.43381540854478445,-0.32005395780473306,0.16462226394704463,-0.06322644974570722,0.14283382060838765,0.1996198002318485
2000-09-01,0.4133647293011809,-0.3224996438823285,0.1674010301500642,-0.04891690140745294,0.10566782342941135,0.19200326507110643
2000-10-01,0.41466612408311015,-0.3214123272978445,0.17102868325119178,-0.04880189424535882,0.06899820885663761,0.18546068984868505
2000-11-01,0.399845338154588,-0.32517610382361367,0.17060811157337893,-0.04471165464104465,0.03311954739871335,0.1768074892618499
2000-12-01,0.3891890865975839,-0.31547762575786187,0.1469453605615084,-0.06332332144957037,-0.0016323636178558162,0.1573312775699056
2001-01-01,0.39516208446850676,-0.32683531488697,0.16093010452464965,-0.07324484413644922,-0.03483827527379756,0.1549688768939759
2001-02-01,0.4303924177530273,-0.33987326611083035,0.1706577162970105,-0.09339124734979125,-0.06557727104229452,0.15639097635375648
2001-03-01,0.442286738062566,-0.3486128496460755,0.15576339286724275,-0.0842694498676186,-0.0932598067687684,0.15382674478789946
2001-04-01,0.5283181113588122,-0.36076208452687486,0.13704177198992692,-0.1066794000643616,-0.11674860838198647,0.1605387918858532
2001-05-01,0.533634165246338,-0.36527957780706627,0.1685824125883889,-0.12799264267863086,-0.1349227515484457,0.16091615228294334
2001-06-01,0.5308662904494876,-0.3691751681906218,0.1630800677287306,-0.147562134025308,-0.14677825777912695,0.153756226912881
2001-07-01,0.5435406918462229,-0.3867820604126013,0.1898839959807474,-0.17293216264030586,-0.15185994116723361,0.15908292888640643
2001-08-01,0.5589068918802383,-0.4307033494855362,0.2040119633826117,-0.18321915518026802,-0.15038668054936422,0.17200327380375083
2001-09-01,0.5607960665028333,-0.44225559563877476,0.23725584821041476,-0.16180106451890122,-0.14308146061093066,0.18708499704443818
2001-10-01,0.5686717090466471,-0.4575182772224675,0.23692557950668297,-0.16374323077034206,-0.1308858939586531,0.1936972882093605
2001-11-01,0.592754342730821,-0.47683744293941793,0.27216763472581973,-0.15951491899322717,-0.11467393925027164,0.21351411243051197
2001-12-01,0.5933888704059201,-0.46607883268245553,0.2673718816980782,-0.17201462939847262,-0.0958343310322176,0.21179812487115274
2002-01-01,0.6120178848580223,-0.4648951903047465,0.2886680749207801,-0.18871139243710786,-0.07808269909069275,0.21975741171114968
2002-02-01,0.5886856589694538,-0.4646203790644739,0.2857286921593397,-0.20172218660979221,-0.06180350822358141,0.21510180707197876
2002-03-01,0.602165201273741,-0.46892497179504466,0.3007442484408759,-0.21083888267943016,-0.047296505596200904,0.2227398066468061
2002-04-01,0.5754492655818694,-0.4657857923473354,0.26976213203187976,-0.1971783693181351,-0.03513656395937225,0.21573645133671543
2002-05-01,0.5846250253500538,-0.4886852597536973,0.2604003419163557,-0.19717236862052231,-0.02588460607225004,0.22213073046546689
2002-06-01,0.584788320366476,-0.4949125851969962,0.25202497710630023,-0.19697229842810582,-0.020058375909403944,0.22293904166645254
2002-07-01,0.5830753371795361,-0.5001679470846219,0.2433736981588687,-0.192574129307953,-0.017908294101812553,0.22322691180265217
2002-08-01,0.5983760814533708,-0.5053495567550246,0.2453493356867624,-0.17531750704317042,-0.01934618471018699,0.23088225642836008
2002-09-01,0.5886356184264123,-0.5001964377573495,0.2887281764913124,-0.17704860473362108,-0.02400888987885481,0.2353005476125197
2002-10-01,0.5972457634262344,-0.4994016740381603,0.256143395016257,-0.18989689652808012,-0.03139392642967209,0.2263000019045799
2002-11-01,0.5971121045817787,-0.5051996810207524,0.24622616532097716,-0.19287865464575588,-0.04102393554437011,0.22292707214667645
2002-12-01,0.5668815995930483,-0.5032812253257337,0.23656082366378064,-0.15814585988409818,-0.052354973834568344,0.21924456297277922
2003-01-01,0.5359846144929291,-0.5013920905579636,0.23668133137400849,-0.1700494448809574,-0.061751990709187375,0.2084513201669513
2003-02-01,0.5303914687040417,-0.49775610439539736,0.2176441484548586,-0.1802948640426621,-0.06884136826392291,0.19933109784954253
2003-03-01,0.5166853327980542,-0.49947116899633553,0.18960477693309097,-0.19505013790136824,-0.07318521076919446,0.1875051860113836
2003-04-01,0.5159869260495141,-0.49828885135055906,0.19849285970650532,-0.19378079341258853,-0.07427014391896686,0.18894353995500465
2003-05-01,0.45962343962733543,-0.499055671027445,0.19749255366131246,-0.22271289295361688,-0.07169980041977467,0.17235179418854027
2003-06-01,0.404149000558798,-0.48781170682241043,0.20641606132455947,-0.2152470510841037,-0.06533401412305277,0.16355914069972233
2003-07-01,0.330067185074693,-0.48212386061071977,0.23065409862886094,-0.21507123327658823,-0.05537966417999366,0.15447884937153838
2003-08-01,0.2985693175220791,-0.4842836748340237,0.24284864720834184,-0.21024518873697767,-0.04234379569636134,0.15462253102622114
2003-09-01,0.2765905539803628,-0.48441901942127674,0.22274971766222199,-0.20831199168072392,-0.026815919229900363,0.14972627603064748
2003-10-01,0.29278745983548454,-0.4911880690717338,0.2350017487308899,-0.19805197732057422,-0.009417039432850953,0.16230165217693662
2003-11-01,0.29638512626542457,-0.49068509897438733,0.24135813661945457,-0.19962497369851917,0.009416852620258062,0.16764404815620107
2003-12-01,0.2827907417046316,-0.4908599310914176,0.24737420148659048,-0.20446756697104623,0.029190322287658277,0.16914952591985036
2004-01-01,0.30538773301472116,-0.4921270847649191,0.25841092003952604,-0.21015249233848105,0.056296228612338135,0.18041389481860468
2004-02-01,0.33368010990786057,-0.5104516347380051,0.2511899597895304,-0.24081283401853096,0.09170352629672318,0.18924247934271765
2004-03-01,0.37221941796169056,-0.5439636634565256,0.2489410023250585,-0.2506258963684862,0.1366457786921939,0.2102287932133965
2004-04-01,0.4252553099522411,-0.543997584933124,0.24312882747829595,-0.2858824828406796,0.19163575316088624,0.22362699853677356
2004-05-01,0.4512225029708709,-0.5670431021656631,0.2458453166818109,-0.2735242469003424,0.2566011786818694,0.2494375707199744
2004-06-01,0.4843314783781825,-0.5811417325804817,0.2540748160912671,-0.2811881346395239,0.33021622352318275,0.27371522318671804
2004-07-01,0.5092362984593098,-0.6103366778105773,0.21624398528215683,-0.2820914758136496,0.41024572686787647,0.2927942425212542
2004-08-01,0.5396091992497526,-0.642369273958767,0.2069996241439348,-0.30013368257787076,0.4940113187781228,0.31657114671054126
2004-09-01,0.5411624728707362,-0.6339357862998596,0.2597407520810348,-0.30748542476600654,0.5793783630505991,0.3413463899072446
2004-10-01,0.541215023820293,-0.6355206302095637,0.2652933000156738,-0.3052617604921882,0.6645255811452704,0.36025855493972253
2004-11-01,0.5453013857314801,-0.6344070916347374,0.3007969334151477,-0.29566884619028616,0.7486743006790209,0.38670217305402
2004-12-01,0.5485479807741916,-0.6388271972296379,0.3053179400704192,-0.31118711637488256,0.8307483024386911,0.4024508608276115
2005-01-01,0.5868474652349384,-0.6630676771343065,0.30659233041055545,-0.32203694539299854,0.9126767074806146,0.4294294469734833
2005-02-01,0.5846236704737947,-0.6620513719436378,0.2863898461919833,-0.32640446928174544,0.9934424819727139,0.4400205802600769
2005-03-01,0.6011855253262031,-0.6779942968110578,0.2534664051297366,-0.33264727698794255,1.0725132819550363,0.45450244644681825
2005-04-01,0.6010308209403867,-0.6891690901441669,0.2289712479015375,-0.3259266416930283,1.1480046157902999,0.46824982661667264
2005-05-01,0.6516020986384045,-0.7284993633412744,0.22342447861851575,-0.30744764464131247,1.2178329719053862,0.5027822535724537
2005-06-01,0.7055992012132063,-0.7461935431998463,0.22589653476299756,-0.3105143463316684,1.279500463825701,0.5293350793340166
2005-07-01,0.7616330412799766,-0.7755173315889816,0.2355974981620756,-0.3162841554187859,1.3310243359354734,0.5574976103095443
2005-08-01,0.800805872886842,-0.7870872884257515,0.24785697360833756,-0.30851787962795546,1.3713794616605286,0.579722343390701
2005-09-01,0.8338690291423025,-0.7918765222556288,0.2572119402763757,-0.3359307342596973,1.4007570384218524,0.5895567591672926
2005-10-01,0.884023164285326,-0.8034441175440505,0.27791594573985134,-0.331105191889219,1.4199779278779043,0.6108511927115826
2005-11-01,0.8988098837504673,-0.8055443476073153,0.2816442583261008,-0.3030896409181878,1.430329864967708,0.6226477427466808
2005-12-01,0.9099127651415547,-0.8241980983947534,0.29429405134381437,-0.30386589729071906,1.4329473772973447,0.6314972789773496
2006-01-01,0.9195352900121241,-0.8442908128538675,0.27881933401522213,-0.273645293347848,1.4342981701239794,0.640659662731469
2006-02-01,0.9260701581498056,-0.8394926882671921,0.27455105845591216,-0.26551300449452053,1.434169515251996,0.6417540831260772
2006-03-01,0.9337365534646026,-0.8305225798923976,0.2656350660970127,-0.26654892875036845,1.4323068663786949,0.6391304274164679
2006-04-01,0.8822503622841488,-0.8292623346863113,0.27611978688410965,-0.23685316164822628,1.4284281716277,0.6358414987668087
2006-05-01,0.8845988829070544,-0.846037619647294,0.24626206321599237,-0.2159221656077231,1.4223148411914024,0.636658248270804
2006-06-01,0.8927599837855548,-0.841643701370962,0.2440889268947752,-0.21051782289675128,1.4139187642907458,0.6363787106890573
2006-07-01,0.8926765723552135,-0.8360228082493629,0.2182364053946378,-0.2046078852765883,1.4034225305549166,0.6291500862555085
2006-08-01,0.8848462180460837,-0.8346622094612084,0.22509055720992846,-0.20083316683303565,1.3912092035737769,0.6269950042915924
2006-09-01,0.8950231236602341,-0.8442808077550975,0.2100312876746683,-0.22040303418568025,1.3776995256875766,0.6213263421183792
2006-10-01,0.9197546003364112,-0.840570853907612,0.2187189298810688,-0.21272158784947048,1.3633195440858479,0.6259284680722939
2006-11-01,0.9258676213693927,-0.8428178542728696,0.20298255898606546,-0.19978123668115585,1.3483451722443467,0.6240463940383038
2006-12-01,0.9334917868698263,-0.8557763777306436,0.20677191708230208,-0.19181560193343708,1.3333007568520345,0.6275050473202738
2007-01-01,0.958745796864288,-0.8590090406709849,0.19770891682748434,-0.18733057096445313,1.3201942391250854,0.6296654845046779
2007-02-01,0.9333754017735281,-0.8508116921221546,0.18165234343356257,-0.20071699932062378,1.3095934726582077,0.6149431821333659
2007-03-01,0.9125582187386183,-0.8382836286697205,0.17174285808580336,-0.18355872645818938,1.30197012430767,0.6081992206687246
2007-04-01,0.8505769174578408,-0.8364700010912481,0.16496605774007778,-0.20070980354988327,1.297942906605242,0.5898492158689052
2007-05-01,0.8893445494538521,-0.8024751622435852,0.19349419766271847,-0.20322189047777403,1.2980152205730666,0.5960214478910897
2007-06-01,0.8990494305366216,-0.8027996020239806,0.1912076198625319,-0.2125730006877954,1.3024238670877961,0.5965815037646269
2007-07-01,0.9052102104553391,-0.8167451165544474,0.19202763845947424,-0.21171501566811154,1.3109955948369587,0.6026527089276216
2007-08-01,0.8953452205366706,-0.80320594585197,0.15102389860975582,-0.2052827185873563,1.3232005386988381,0.5934985770219757
2007-09-01,0.88616790329889,-0.7928920844184454,0.13160144093281276,-0.2152884715857605,1.3383996157605798,0.5867545145649935
2007-10-01,0.8745892029900099,-0.7922842097117037,0.1260352728533875,-0.20373344908778865,1.355918857208341,0.5890188187351306
2007-11-01,0.8622421581050363,-0.7877681486052517,0.10100476288704155,-0.20361198574925463,1.3752775567161288,0.5845361281128408
2007-12-01,0.8488303456520284,-0.7836685438364045,0.10541166369943285,-0.2037860710484286,1.3959905041571319,0.5860229972593137
2008-01-01,0.8109584729240937,-0.763796825130241,0.09809161938377052,-0.18690461854760845,1.4142962654665427,0.580047712871408
2008-02-01,0.8001988722746417,-0.7586093871365371,0.10716819845124288,-0.17885956903919578,1.4292963527334777,0.5832826483113408
2008-03-01,0.8115787454703083,-0.7568612877635043,0.11309431643596539,-0.18392100672548015,1.440350395523044,0.5875927476934684
2008-04-01,0.8004845076573399,-0.7496362196923475,0.10976666831284358,-0.2061676456592977,1.4465821660234945,0.5800603832053456
2008-05-01,0.7682690757557241,-0.7364560047134675,0.10792450773055853,-0.17546775580073395,1.4472398496083891,0.5768843364014811
2008-06-01,0.758106939792373,-0.7264327689919442,0.09930021603312793,-0.1636472770633797,1.4418925017201154,0.5724170298948362
2008-07-01,0.7432690055590742,-0.7112023838534397,0.09865459440196082,-0.14908729086940486,1.4306692282465703,0.566941584238328
2008-08-01,0.7199406347402728,-0.6860078094812183,0.08152613064340422,-0.12440400163953504,1.4142573174624076,0.5554655781375536
2008-09-01,0.7241692769938685,-0.6858721260873203,0.08110715802961063,-0.13204440887396535,1.3935837429538362,0.550537579038134
2008-10-01,0.7118303618775857,-0.680140784160859,0.0701642241646168,-0.12988679114108284,1.3696553545744805,0.5403807867272918
2008-11-01,0.6977233567851208,-0.6715746251362413,0.0625592588811732,-0.09686696433151762,1.3432154741595894,0.5356411501261213
2008-12-01,0.6943717709405627,-0.6697846001428297,0.056541848104673754,-0.10996551516776283,1.3150169263493603,0.5251499260739327
2009-01-01,0.670750975947301,-0.6753856442439145,0.025515745860688284,-0.10629630762462815,1.2812320871851801,0.5093176291224911
2009-02-01,0.7041752365612318,-0.6698850630294985,0.05232513624181286,-0.10614585507040222,1.2412628975618496,0.5123004956647981
2009-03-01,0.754578452402248,-0.6749584482546117,0.059480053009327946,-0.08425649730488657,1.1942391725317718,0.5197999257786147
2009-04-01,0.798730472258277,-0.6740353571716385,0.05963676483564738,-0.08795297074442109,1.1400708585828523,0.5169040964207988
2009-05-01,0.7729292150202147,-0.69463990911905,0.05548084743113504,-0.09593565951411923,1.0791565227227802,0.5012541669558123
2009-06-01,0.745984249290805,-0.68959010127964,0.037702471783434104,-0.07455686520164212,1.0129429153010148,0.4823325744906503
2009-07-01,0.7429511050382523,-0.6956626015408175,0.0476321561220431,-0.08017167241002124,0.9435024853443766,0.4699153351270937
2009-08-01,0.7431214144084887,-0.7038247600544026,0.03830087272105677,-0.06563338255509736,0.8730889274609782,0.4585405184179658
2009-09-01,0.7757739549322908,-0.7219795455117403,-0.005148517213204668,-0.07467910886431735,0.8033199036517329,0.4442491556036484
2009-10-01,0.8115032994776529,-0.734417365185496,-0.005435406267200277,-0.08333688542867702,0.7354553285037604,0.43852074029420635
2009-11-01,0.8657743074907303,-0.7579149455701385,-0.04672302363441257,-0.09820164976020655,0.6698655744046699,0.42972603081418387
2009-12-01,0.9167788292789277,-0.7717101914899042,-0.030419785689595653,-0.10081654054423175,0.6071031382756442,0.4328711665621297
2010-01-01,0.9562435786057151,-0.7568304511668398,-0.02665504056331863,-0.11149827254315219,0.5454683328210568,0.4240778098974281
2010-02-01,0.9812637829947012,-0.7664880106716099,-0.009794410280807435,-0.12418049934009713,0.48589153620258957,0.41993368404959924
2010-03-01,0.9973435559114032,-0.7690773351188127,-0.020474609270591585,-0.13132246099412442,0.42898283527702963,0.4087213312085059
2010-04-01,1.0198037232050199,-0.75782351299586,-0.012321331845425184,-0.08784874739746254,0.3763616439907787,0.41076376018975413
2010-05-01,1.0666613845333994,-0.7644806131982275,0.009316023079970787,-0.0721162121742964,0.32973332976002945,0.4196150276794661
2010-06-01,1.1074323821668124,-0.7660943020836124,0.010672168153242479,-0.061988248738149815,0.29095618998880657,0.4226333587308648
2010-07-01,1.1431725129931596,-0.7612435521734026,-0.01837373988025699,-0.044270535620550326,0.2613175915261084,0.42061787623837266
2010-08-01,1.1920633541319867,-0.7614732266532832,-0.03402455507794817,-0.04019048536817235,0.24123852705046842,0.4241120134779236
2010-09-01,1.2007297692630903,-0.759084321350573,-0.043313340117037906,-0.020634268969297424,0.23022276811925202,0.425217849929316
2010-10-01,1.191004927839992,-0.7544277955132245,-0.06720752668845563,-0.02356735554834209,0.22731223671407022,0.4163940155660978
2010-11-01,1.2039758602686201,-0.7563864544009864,-0.07403252287254979,-0.028520690277218833,0.2313365369215548,0.4178291276882785
2010-12-01,1.2175843797824757,-0.750777185892409,-0.0889672154128023,-0.013042507941524206,0.2410732661912674,0.4214850217023651
2011-01-01,1.213759793235656,-0.7556096556650438,-0.0868183167766116,-0.03618779964745046,0.24999418686995784,0.41927150386931905
2011-02-01,1.2034612532716653,-0.7485217303610601,-0.07136240164125181,-0.017192571237683314,0.2577478766417915,0.42423517747911627
2011-03-01,1.2169159922384383,-0.7558149000107791,-0.07846856242162542,-0.015747704977790534,0.2640833170649175,0.4285195883829438
2011-04-01,1.2470770087038932,-0.7515225676342737,-0.07773066456934524,-0.0005403278395533765,0.26865639436559047,0.43779699565897173
2011-05-01,1.260319784015576,-0.7484817871573061,-0.08366020413318988,0.027955184069772546,0.27117528904838567,0.4448543680315701
2011-06-01,1.2603936646909828,-0.7605540792194332,-0.07294378130454732,0.04337499955048162,0.2714653966232332,0.45256887175591665
2011-07-01,1.2717573459085496,-0.7632606325856498,-0.08555192167060222,0.046938944794237596,0.26954938481642304,0.45319087728685153
2011-08-01,1.3144344061201254,-0.7766696377164565,-0.09762960513075179,0.06323974623034397,0.2656447677020969,0.4644717905276542
2011-09-01,1.3577697173022834,-0.7797786413073907,-0.10432077530586788,0.06974118122210103,0.26006191930098993,0.4726061367653794
2011-10-01,1.3610602436934391,-0.7884370642583513,-0.11107107594263778,0.07456599840273458,0.25314892990731863,0.4732282320638412
2011-11-01,1.3800273560403007,-0.7917843079154641,-0.11696911936093027,0.08177936741461354,0.24517605687362934,0.47635959377661546
2011-12-01,1.3856485332877715,-0.7914986944412906,-0.11483863460645485,0.12441750833143789,0.23648482817220684,0.4846421859252504
2012-01-01,1.3820340416196737,-0.7901512664379104,-0.12691096004690622,0.14911904502660037,0.2248898314411936,0.4838566448956944
2012-02-01,1.4261927105583194,-0.7848340507184156,-0.13006878678840644,0.16011679240812857,0.209983954830617,0.4902117443454148
2012-03-01,1.4762897433497764,-0.7935882125950947,-0.1566176777029787,0.16549689440677565,0.1912965045606688,0.4940107354418673
2012-04-01,1.5115222371696109,-0.7916034948257491,-0.14055513654844407,0.1827265522753199,0.16867219545834145,0.5027938686361154
2012-05-01,1.466513256511463,-0.8198552198011954,-0.17661021607891228,0.1878244295095404,0.14219966243844334,0.48795647043634605
2012-06-01,1.4526456894871862,-0.815672924052591,-0.16978199584560782,0.18069155706713594,0.11248103922731328,0.4783418427977237
2012-07-01,1.4410014162237534,-0.8079729125122418,-0.17283552020413875,0.19053429123014212,0.08046852656896278,0.46942832526619227
2012-08-01,1.44207490435603,-0.8172331406590915,-0.15458865985148199,0.1865990590925018,0.04724209050490633,0.4677121069522095
2012-09-01,1.4715786827912463,-0.8193628815025398,-0.1623787805517088,0.1894234266752998,0.013605589146396273,0.46631835991275467
2012-10-01,1.4741930248225263,-0.8142138146452705,-0.16022148031752187,0.19470416028052567,-0.019793028032117566,0.46061929827973663
2012-11-01,1.4889470646315488,-0.8108333392114525,-0.14139446658656185,0.21394683339943488,-0.05271993790277838,0.46392256655061914
2012-12-01,1.4925024073634134,-0.7899504212589076,-0.1138341100680374,0.2016250464444359,-0.08493550070016359,0.45706165285971123
2013-01-01,1.5238419984955167,-0.7895697963367495,-0.10954377753990323,0.19675711573412022,-0.1152079454789955,0.4570834375094976
2013-02-01,1.54508214678104,-0.7718896227354378,-0.09366618408546322,0.21220894834647572,-0.14256434829697995,0.4585900370961021
2013-03-01,1.548480005139544,-0.7755240980312681,-0.08051119011175606,0.21188376328597466,-0.16637587795240333,0.4578001596785255
2013-04-01,1.578768180573117,-0.7740238751573385,-0.08021074425046137,0.2367603945856293,-0.18559251371927274,0.46474983846927015
2013-05-01,1.6083571678377029,-0.7827728995456594,-0.08902912714997678,0.2583912648881475,-0.1992401974696299,0.47225040153038067
2013-06-01,1.6353867995065214,-0.7962987206110658,-0.0900265024732422,0.23158654452612001,-0.2065511345610052,0.473338885521892
2013-07-01,1.707006338834347,-0.8160003481186316,-0.10559698218852175,0.21734524797648191,-0.20730953255280044,0.4854890840376277
2013-08-01,1.7395401760938884,-0.8347445339181693,-0.1259137333184914,0.2129274709150195,-0.20191530892042367,0.49187662773763235
2013-09-01,1.7608603364785735,-0.8346420235349348,-0.1156436904123639,0.21821163389831782,-0.19115888104064085,0.5013822844917643
2013-10-01,1.767359561113531,-0.8322890488539908,-0.10589739698062614,0.20732669699937106,-0.175993608907936,0.5050168602156663
2013-11-01,1.7929196276608017,-0.8378709666792479,-0.09203387134047086,0.19649807283033927,-0.15723473015826947,0.5156040131343297
2013-12-01,1.8115342437114386,-0.8336603896774352,-0.07867181482048405,0.2023911473651727,-0.13570270412058508,0.5266422523625954
2014-01-01,1.829800132310777,-0.8426041775330624,-0.06854060214597395,0.1921255814532439,-0.11313155502667395,0.5365715468248872
2014-02-01,1.8116139106914817,-0.8397955530948114,-0.08341340440851672,0.1928595038751761,-0.08968746237337587,0.5342336201759152
2014-03-01,1.763420347111611,-0.8386794249355832,-0.08659793553865056,0.18247456600268683,-0.06535963298597862,0.5265233539050503
2014-04-01,1.7102305159943043,-0.8288197912476889,-0.07231621460106298,0.19372389962275824,-0.04056579191872186,0.5239784400689933
2014-05-01,1.7373430409516986,-0.8294369160662222,-0.07664905037190685,0.20806898474693297,-0.01584078746611902,0.5364718207853656
2014-06-01,1.7612356877899982,-0.8374738646959851,-0.07307240103596473,0.19577011118332546,0.00804591235033725,0.5458906349967362
2014-07-01,1.7859566615625997,-0.8353069779606199,-0.05835181121863546,0.2087510441740354,0.03036750413852025,0.5604060753234279
2014-08-01,1.81396752682034,-0.8315762123294047,-0.06553727762371908,0.19799228087067605,0.05058398805903832,0.5657165460911481
2014-09-01,1.827614132361262,-0.8309006281495459,-0.050758733155219594,0.1990348642071088,0.06849824190011738,0.5750578266925629
2014-10-01,1.8294973909056866,-0.8309375912992782,-0.030146980961614767,0.21482368260622026,0.08408552884594264,0.5858394425391025
2014-11-01,1.7845947185005226,-0.8143997706176297,-0.01445030268881852,0.22968313068461915,0.09754547968434892,0.5823545593596605
2014-12-01,1.7562040754380728,-0.8050818193699291,-0.022712384187353375,0.2509622327517718,0.10882448834791242,0.5796720463440665
2015-01-01,1.7065934293473932,-0.7956993678472171,-0.018572574858281718,0.26235310554814834,0.12087649407150357,0.5733899643911962
2015-02-01,1.7511861994405131,-0.7972808091001087,-0.013345797410936496,0.2647775140435745,0.13370490357353637,0.5867207257493592
2015-03-01,1.8017529681058038,-0.796930426106854,-0.004456130678531902,0.2901386806896577,0.1474293417783323,0.6063590572004232
2015-04-01,1.8518793310236046,-0.8003437065063174,0.05821330789543547,0.2588088010282566,0.1619637954082642,0.6262417883723757
2015-05-01,1.789101281174217,-0.7895146508310104,0.05169312047113581,0.21653446103446186,0.17713906366468715,0.6047965154351025
2015-06-01,1.7355578263636846,-0.7832574300042403,0.051662590959061845,0.21537616875333088,0.19256070374340353,0.5956829439647443
2015-07-01,1.6906425767105744,-0.7827299255632696,0.08414543494103517,0.20174105988504987,0.2077214858514825,0.5933960965902824
2015-08-01,1.668822654269725,-0.7796601225497117,0.11856741744315953,0.18465670050742725,0.22210405461903646,0.594762189877812
2015-09-01,1.6806588385359214,-0.7721773408738695,0.17268317170940373,0.1605160882230848,0.2353825646259649,0.6042836007936488
2015-10-01,1.6959447633156062,-0.7778644125767087,0.18291547159144594,0.14580029610854883,0.24736200805654504,0.6099773903297709
2015-11-01,1.7177569711296339,-0.780439517766498,0.2038718035805581,0.13874168558977545,0.2580704402039379,0.6197760836540807
2015-12-01,1.7475890499227742,-0.7704252244595985,0.2296020664871462,0.11363198274436097,0.26739464117220263,0.6257285929572165
2016-01-01,1.814176948601905,-0.7693451708030388,0.23293466766734802,0.11695390295547743,0.27845690249498695,0.6423735185045512
2016-02-01,1.8440907349257079,-0.7779511799429955,0.21178358633753136,0.10632424532280614,0.29149693574886293,0.6463293364555808
2016-03-01,1.8703781124048626,-0.7769696274724982,0.2350040364384589,0.10424597192710887,0.30681266671961893,0.6586820829925095
2016-04-01,1.8610556216687533,-0.7677634191996123,0.2200138209616653,0.09534530569023142,0.3244050207341781,0.653716637650888
2016-05-01,1.9292184136499368,-0.7785118373018792,0.22494328720511572,0.06530975479787836,0.34409270358787264,0.6684151993085365
2016-06-01,2.020309672963675,-0.7822115460846496,0.21570985727323472,0.05376963482704012,0.3653080704861511,0.6874617563269501
2016-07-01,2.0915654638416843,-0.7944372615324865,0.21873444828193211,0.05298540161456911,0.38728290706352664,0.7090010964668398
2016-08-01,2.110730734030395,-0.8021712491867606,0.2405656691975553,0.03490098284091799,0.4092303468061944,0.7195197964123646
2016-09-01,2.0910843355293456,-0.801275712623193,0.24611626433747455,0.033184882416389866,0.43063683774525374,0.7204596065303314
2016-10-01,2.0834295854030933,-0.7992476559008294,0.24716310306935071,0.02355277231739212,0.4511458430884068,0.7209077919558146
2016-11-01,2.080095900477955,-0.7912973071211132,0.24700607857017895,0.02479556492374588,0.47070787947521897,0.7227805461136424
2016-12-01,2.094067330017477,-0.7865179721394873,0.24884172983501154,0.003993090901834259,0.489181575020578,0.7245203395828775
2017-01-01,2.0884048469431438,-0.7742410715604806,0.26316406054460323,0.009332333916487781,0.5088205748083862,0.7287925775546203
2017-02-01,2.0939830323490165,-0.7809842149086549,0.3025948515009386,0.019532061531208445,0.5296370580355119,0.7453462436650661
2017-03-01,2.104826363710081,-0.7927779721982194,0.31185529762107717,0.017744782481652985,0.5517613551742236,0.7557931542370508
2017-04-01,2.129517810592334,-0.7832046647114714,0.3121484943906962,0.014451942259135335,0.5749146528092908,0.7628475129525856
2017-05-01,2.159256151916838,-0.7819421830407164,0.3346848682899318,0.019777955774528275,0.5986573438185684,0.7788637005681166
2017-06-01,2.1828676763492116,-0.7801067507826128,0.3181862322237553,0.030355217967492822,0.6222154934856918,0.7867462741617529
2017-07-01,2.2298251102680826,-0.7672487711820851,0.34480650582000383,0.02992748361236104,0.6447494196164759,0.8033114580998018
2017-08-01,2.2649169993421787,-0.7698270955151292,0.3384484366817807,0.033700951724313186,0.6655581296974645,0.8144903225921734
2017-09-01,2.297775675282611,-0.7876776446233938,0.33509841568585885,0.04019596884803225,0.6843237767958067,0.8290142962471406
2017-10-01,2.343832101348454,-0.7957671853998172,0.3523948689127732,0.02850697609440733,0.7009355266920524,0.8442873316895009
2017-11-01,2.3751501971640456,-0.8058420168895366,0.34113886853055014,0.030398152000270774,0.7155640437636798,0.8536186556696166
2017-12-01,2.426291848899612,-0.8290885036268744,0.3230276358953026,0.029562946634056658,0.7284614094828673,0.8672864689077426
2018-01-01,2.4078247008536637,-0.830897664330763,0.3146275153618605,0.058291134711665395,0.7414045458196205,0.8706091122155146
2018-02-01,2.4368833501600458,-0.8624375463860985,0.3038389547556688,0.04514520547818391,0.7542312138841847,0.8805072541328364
2018-03-01,2.5173864107954,-0.8681424753836043,0.29771721585206745,0.05687178063672035,0.7668357640928263,0.9013907293521236
2018-04-01,2.524290161070756,-0.8622593057100413,0.32110428825032883,0.054693903409255035,0.778857957041789,0.908241123096434
2018-05-01,2.541048342291074,-0.8540407068283855,0.3392879866960688,0.03474642920773475,0.7898934531897728,0.9118033836426072
2018-06-01,2.5496141711214917,-0.8422273634461916,0.3503911220609367,0.04142161000054328,0.7994850397714119,0.9166278612801152
2018-07-01,2.490818622122747,-0.8203366367103659,0.36426226611282925,0.0479974741504217,0.8073147728545078,0.9061459543901744
2018-08-01,2.483086282108836,-0.8203534847772025,0.3781495092568006,0.019545645988546297,0.8132793083637503,0.9028828460990271
2018-09-01,2.4864342714626164,-0.8216867571830677,0.39510809238767775,0.02239787514166284,0.8174893478630254,0.90862326880761
2018-10-01,2.515618861927865,-0.8305983517315375,0.4044315303940429,0.06402357007221629,0.8201467681939647,0.9269638164639252
2018-11-01,2.4949851098496723,-0.8144724987952319,0.4420048532528654,0.059941050262811275,0.8214932670427328,0.9265793558406628
2018-12-01,2.500820200826357,-0.8156864613436805,0.4365574560032266,0.03281577307886133,0.8217028576036215,0.9215165497711495
2019-01-01,2.5157458046268624,-0.812359174286412,0.47324971403525484,0.027040570764802388,0.8223705140628644,0.9301531555552393
2019-02-01,2.4994292087652146,-0.808465506215049,0.47723204312865825,0.041236181347630914,0.8236703728388766,0.9300066624590857
2019-03-01,2.5455756507681087,-0.8087581793033861,0.49060135875528554,0.04542090604857851,0.8257416562195989,0.9432195502189916
2019-04-01,2.590466545927824,-0.8191429452900184,0.4951000338614241,0.06460198670780906,0.8287192719904445,0.959606156755504
2019-05-01,2.6280942903558366,-0.8227965510919656,0.49845438188981084,0.062120279522302244,0.8327026311315978,0.9688336267983024
2019-06-01,2.670785377776192,-0.8169610152243522,0.4929968380360134,0.07626184011654306,0.8376750000912729,0.9789360142488748
2019-07-01,2.7008388431188024,-0.8264495140059774,0.4806992398017915,0.06627725348031768,0.8434844384431036,0.9835498577699986
2019-08-01,2.704878721605417,-0.8323392363980163,0.5129610911132002,0.062405547352197256,0.8498701232429128,0.9924909439423487
2019-09-01,2.725029205415402,-0.839039266402782,0.5364107293245277,0.06705673496083665,0.8565791816386669,1.004823023548443
2019-10-01,2.731838860131931,-0.8401295768020025,0.5355007349412217,0.04381818731781094,0.863384542969311,1.0029343804324555
2019-11-01,2.750181774137004,-0.834302639104631,0.5790747238126641,0.0610354040050879,0.8701692421764423,1.018952756647166
2019-12-01,2.7743897287610833,-0.8377283967035193,0.5972751477138871,0.04109328776442755,0.8765697875358675,1.025411269695757
2020-01-01,2.799892471860539,-0.852171283388463,0.612489024722635,0.03168791423086075,0.8845122725794553,1.0361505933563906
2020-02-01,2.7857570422372024,-0.8557660030571266,0.6407090869445573,0.03289348622007915,0.8942536210561757,1.0418758479030281
2020-03-01,2.7743165048920244,-0.8637806957827008,0.628378231173554,0.039815533308622725,0.9060508940568199,1.0424683718427443
2020-04-01,2.7650043206030044,-0.8741466210425949,0.5636669816387713,0.010465349404451733,0.9199317400161515,1.0266430025409947
2020-05-01,2.800804708020654,-0.8677159969005762,0.5806977723825155,0.01589993799570946,0.9357713788382043,1.0401779588275317
2020-06-01,2.834717585416398,-0.8698923248846159,0.5802003539512729,0.014800159904795366,0.9531386073089182,1.0505498062932
2020-07-01,2.8679220805541923,-0.8720187568513258,0.5620010136728965,0.008573130440587778,0.9714397282135341,1.0563909419465072
2020-08-01,2.8897207776191234,-0.8756116290882853,0.5738725961405838,0.03136907982019085,0.9900578800522873,1.0721263925440943
2020-09-01,2.8972238551610716,-0.8855929150111084,0.5296771666078015,0.039461785353099285,1.008572235230446,1.0721055914727053
2020-10-01,2.9086216345387625,-0.885311439797572,0.5215894421401391,0.048857804931079336,1.0266655258550028,1.078209169452511
2020-11-01,2.936768933121668,-0.8863969566157401,0.5145494591326851,0.05379689514326551,1.0442522756170003,1.087152903926072
2020-12-01,2.9095434159315725,-0.8920691675418666,0.501811511803524,0.06058542820004124,1.0612056377090444,1.0850430322372095
2021-01-01,2.87028280878791,-0.889064495015427,0.5053258689208012,0.05267899736451604,1.077949053192531,1.079060244656237
2021-02-01,2.868897409679627,-0.8849554761803022,0.5102686201032361,0.05500073286239056,1.0942197178951045,1.0826683913441322
2021-03-01,2.862907192014093,-0.8859305711178594,0.49808873036981677,0.05478169895553339,1.1098515347632592,1.0823119454441124
2021-04-01,2.891431584147712,-0.8992486401002124,0.5086120405216065,0.057570768170990036,1.1244073869219198,1.0962540839724881
2021-05-01,2.8482670928961773,-0.8999100263599064,0.5174984090698482,0.07002284057283152,1.1374232935606143,1.0946243324918754
2021-06-01,2.7613167371646035,-0.8805203523804728,0.5275460559755758,0.06916155904376257,1.148397638619998,1.0773884686368826
2021-07-01,2.7151130825654888,-0.8686374468099867,0.5427612347560957,0.07274857302351542,1.1569856168295738,1.0712491907969321
2021-08-01,2.69788071927187,-0.8640559955509554,0.5240268612341704,0.09308722952846436,1.1630800937514219,1.0684261798673764
2021-09-01,2.7045052630292474,-0.8647917765930202,0.5080320790638885,0.09849942092938968,1.1668170634089763,1.0685291206049043
2021-10-01,2.7247934103780818,-0.8636154764860696,0.5192970577016981,0.10080595825954028,1.1684471896102144,1.0753918184871207
2021-11-01,2.7353456632549134,-0.8667705830937075,0.5248443562180685,0.0710689476613576,1.1682725423081912,1.0732604185072474
2021-12-01,2.734290298865751,-0.8657705081845234,0.524782611482918,0.03428817853176344,1.1666213301732504,1.065150585447641
2022-01-01,2.728098783376155,-0.8722443621144962,0.5234049097245347,-0.0011213206763689902,1.164348163268372,1.0573949795614377
2022-02-01,2.7023516568780552,-0.8753728008271402,0.5058511846485282,-0.004658000520430524,1.1612707507683147,1.0480376785203216
2022-03-01,2.67968806143463,-0.8579303078517996,0.506183459102141,-0.014735758902194617,1.157251828928913,1.0372635796830578
2022-04-01,2.643891786158495,-0.854909283346342,0.4850197685220412,-0.017022466015381137,1.1522215781530305,1.0238039900329055
2022-05-01,2.633940455036661,-0.840554811761458,0.46158417987641115,-0.006983688822947461,1.1461638683956334,1.0150519252494434
2022-06-01,2.62401805395316,-0.8516865116080673,0.4618529613834247,0.0006111253285780373,1.1391929864341395,1.0154723277414741
2022-07-01,2.598829726278696,-0.8557101249935251,0.45510368673831175,-0.0024884131814663793,1.1315235238072239,1.007735729727258
2022-08-01,2.588657231695593,-0.8501001526725689,0.45046732928292227,-0.003390181289675355,1.1234345056259836,1.0018538075974786
2022-09-01,2.534024568674896,-0.8381201600292687,0.43988303645785076,-0.008802025555633029,1.1151620170903314,0.9836775513393428
2022-10-01,2.5065720510602407,-0.8320690726331039,0.414708897961165,-0.008886141244632521,1.106908398256344,0.9702744557332441
2022-11-01,2.4719435035196913,-0.8171216242349421,0.41017475540030673,-0.024039218489391126,1.098764492334318,0.9547930313999734
2022-12-01,2.427784956081774,-0.8029670748465857,0.4112313415097425,-0.020850764502150336,1.0910168325584522,0.9424298880988808
2023-01-01,2.4287115141312454,-0.794873430114394,0.40721655585631444,-0.03484380522277208,1.083864097572726,0.9359643584903817
2023-02-01,2.463297543813574,-0.7971045319842944,0.4058828313873103,-0.04580635739645612,1.077331520572284,0.9395620140722014
2023-03-01,2.4646637202311776,-0.7993755515767179,0.42879822762931397,-0.028960572873863097,1.0715460137104025,0.9470845880547497
2023-04-01,2.528098382703667,-0.8107843022530036,0.4048070169077771,-0.03889189282587421,1.0667464786681857,0.9543088575413518
2023-05-01,2.5011123403326496,-0.8085546159662501,0.38407456829021835,-0.04090618709257495,1.0631619145510613,0.9431994504095209
2023-06-01,2.495013388130525,-0.8112255049828594,0.3696241695480228,-0.04400547762246183,1.0610024665287534,0.9385720103135398
2023-07-01,2.522176115815473,-0.8263570679277731,0.349569857923684,-0.03960860946681352,1.0603692628578163,0.9437727390115865
2023-08-01,2.563408649148573,-0.8313081023659448,0.3663240647117263,-0.019371549078884238,1.061231480483701,0.9605801495262122
2023-09-01,2.611490924786192,-0.8335338205262898,0.37798909450724943,-0.03843083609050762,1.0634478337061284,0.9696061674870704
2023-10-01,2.6588569687006696,-0.8380045972207164,0.3821669873124448,-0.080462099898917,1.066814219200266,0.9730761345070359
2023-11-01,2.752670751250067,-0.8627418357866652,0.34339253776714446,-0.0827499680609132,1.0711314236783116,0.989437316084255
2023-12-01,2.797940936780412,-0.8656141373137918,0.34997743224747674,-0.04605774113442751,1.0761484598087414,1.0087246450031988
2024-01-01,2.827419252375504,-0.870272504271722,0.3328617857052984,-0.06055307615703595,1.0819335101608891,1.0103867952712755
2024-02-01,2.8727567474521662,-0.8830013311208013,0.3414302930031827,-0.07041749064034475,1.0884392411126913,1.0230420244096996
2024-03-01,2.859860038667454,-0.862974557866543,0.3214415510925087,-0.09574223667538416,1.0957347330818286,1.00885372880659
2024-04-01,2.830949599697854,-0.8603077450588569,0.30137348284032517,-0.10161927700197948,1.1037751039647505,0.9989573309119615
2024-05-01,2.84143218246662,-0.8585993341097767,0.3290709688151202,-0.1110928568756208,1.1124605619630046,1.0060940380957804
2024-06-01,2.8586602809357498,-0.8658635854672965,0.35307917827637153,-0.12217537298953783,1.1215856253958933,1.0154026594171546
2024-07-01,2.8784586042065863,-0.8659629961325996,0.3553386029268503,-0.09446023936228207,1.1309020608148812,1.027240404943727
2024-08-01,2.9295174599157408,-0.8696044780049342,0.3501143220924289,-0.09349008336818468,1.1401761041241125,1.0391844561538064
2024-09-01,2.936731688286581,-0.870511548780706,0.3063889911269269,-0.08963970353361221,1.1492645116393185,1.034651407259984
2024-10-01,2.971499644051064,-0.8695372870125644,0.30878362875855997,-0.06977530802444869,1.1580646915536021,1.0476219886702685
2024-11-01,2.9834063748142654,-0.8875875534812532,0.25256332121108915,-0.06585058853185428,1.1665613047214765,1.0448535931392458
2024-12-01,2.999061558225136,-0.8909016047778524,0.24498666568212496,-0.0483696017181501,1.1749736627794298,1.0523107779492789
2025-01-01,3.0125926017025164,-0.894145642633358,0.2225112300042989,-0.030394377142185805,1.1797657438100724,1.0557241682016119
2025-02-01,3.018457182742316,-0.8861666252100451,0.1986691954658639,-0.024852549692533525,1.1819687566785873,1.0520818420808558
2025-03-01,3.02104955327664,-0.8802783392909824,0.21755083669908412,-0.030050352621735738,1.1810350033626809,1.0539726760015304
2025-04-01,3.027693776616753,-0.8745448305316913,0.2403154214078801,-0.0008302310918686657,1.1770495559067264,1.0637546706742365
2025-05-01,3.025811706692891,-0.8855677955008375,0.227475222533251,0.024233657391408526,1.169638894082293,1.066545455240136
2025-06-01,3.0227888376316607,-0.8864295996969525,0.23509672220410158,0.030356038783666838,1.1601159390444014,1.0669574274721567
2025-07-01,3.0186229873196697,-0.88098891670788,0.24148817784987375,0.030031367091263382,1.1489570621263747,1.0640177022190123
2025-08-01,3.0020011151509025,-0.8754627158140891,0.21069130284444385,0.021479985110324652,1.1367407533601683,1.0492751744559856
2025-09-01,3.005649042009602,-0.8737211291070406,0.2241874039613478,0.025694418908751054,1.1244010330206264,1.0507306054014736
2025-10-01,3.0015197511903806,-0.8746893371835871,0.24588072061517685,0.037048103184802464,1.1125174522827819,1.054331072891346
2025-11-01,2.9845959044089487,-0.874535198769789,0.2577468794688301,0.029132075080505145,1.1015231384448656,1.0495066392345878
2025-12-01,3.01117160047946,-0.8827828541282983,0.26933965382917935,0.03702964869771189,1.0920986888815603,1.058484489203242
