,point,lower_95,upper_95,enso_component,ets_component
1991-01-01,300.2688939361768,299.4308682211457,301.10691965120793,0.12238702962107487,300.14650690655577
1991-01-02,300.3449970107111,299.3286778111197,301.3613162103025,0.12238702962107487,300.22260998109005
1991-01-03,300.39243082836754,299.29613400154597,301.4887276551891,0.12238702962107487,300.2700437987465
1991-01-04,300.42199556108346,299.2830200506343,301.5609710715326,0.12238702962107487,300.2996085314624
1991-01-05,300.4404227816562,299.27535752673316,301.60548803657923,0.12238702962107487,300.31803575203514
1991-01-06,300.4519081707277,299.2688615352001,301.6349548062553,0.12238702962107487,300.3295211411066
1991-01-07,300.45906682830184,299.26229378044627,301.6558398761574,0.12238702962107487,300.3366797986808
1991-01-08,300.4635287039897,299.2553915218311,301.67166588614833,0.12238702962107487,300.34114167436866
1991-01-09,300.466309719068,299.2481801956462,301.6844392424898,0.12238702962107487,300.34392268944697
1991-01-10,300.4680430808662,299.240747733984,301.6953384277484,0.12238702962107487,300.34565605124516
1991-01-11,300.4691234572895,299.2331768322678,301.70507008231124,0.12238702962107487,300.3467364276685
1991-01-12,300.46979683847127,299.2255299196696,301.7140637572729,0.12238702962107487,300.3474098088502
1991-01-13,300.47021654608994,299.2178501444316,301.72258294774826,0.12238702962107487,300.3478295164689
1991-01-14,300.4704781430724,299.2101659925016,301.7307902936432,0.12238702962107487,300.34809111345135
1991-01-15,300.470641192248,299.2024957380298,301.7387866464662,0.12238702962107487,300.348254162627
1991-01-16,300.47074281816674,299.1948508447338,301.74663479159966,0.12238702962107487,300.3483557885457
1991-01-17,300.4708061599611,299.18723834187927,301.75437397804296,0.12238702962107487,300.34841913034006
1991-01-18,300.47084563987886,299.17966241262667,301.76202886713105,0.12238702962107487,300.3484586102578
1991-01-19,300.4708702470742,299.172125430772,301.76961506337636,0.12238702962107487,300.3484832174531
1991-01-20,300.4708855843417,299.1646286281513,301.7771425405321,0.12238702962107487,300.34849855472066
1991-01-21,300.470895143813,299.1571725206963,301.78461776692967,0.12238702962107487,300.34850811419193
1991-01-22,300.47090110207705,299.14975717896414,301.79204502518996,0.12238702962107487,300.348514072456
1991-01-23,300.47090481576686,299.14238239928125,301.79942723225247,0.12238702962107487,300.3485177861458
1991-01-24,300.47090713044975,299.13504781170354,301.80676644919595,0.12238702962107487,300.3485201008287
1991-01-25,300.47090857315425,299.12775294794073,301.81406419836776,0.12238702962107487,300.3485215435332
1991-01-26,300.47090947236865,299.12049728397005,301.82132166076724,0.12238702962107487,300.3485224427476
1991-01-27,300.47091003283447,299.1132802666734,301.8285397989955,0.12238702962107487,300.3485230032134
1991-01-28,300.47091038216377,299.1061013304042,301.8357194339233,0.12238702962107487,300.3485233525427
1991-01-29,300.4709105998951,299.09895990721395,301.84286129257623,0.12238702962107487,300.34852357027404
1991-01-30,300.4709107356035,299.0918554330923,301.84996603811476,0.12238702962107487,300.3485237059825
1991-01-31,300.4709108201884,299.08478735170564,301.8570342886712,0.12238702962107487,300.34852379056736
1991-02-01,300.47217970222164,299.0790239458812,301.8653354585621,0.1236558589338885,300.34852384328775
1991-02-02,300.4721797350814,299.0720270215479,301.8723324486149,0.1236558589338885,300.3485238761475
1991-02-03,300.47217975556237,299.06506488419853,301.8792946269262,0.1236558589338885,300.3485238966285
1991-02-04,300.4721797683278,299.05813702184696,301.88622251480865,0.1236558589338885,300.3485239093939
1991-02-05,300.4721797762843,299.0512429343213,301.8931166182473,0.1236558589338885,300.3485239173504
1991-02-06,300.4721797812434,299.0443821331055,301.89997742938135,0.1236558589338885,300.34852392230954
1991-02-07,300.4721797843344,299.0375541411015,301.9068054275673,0.1236558589338885,300.3485239254005
1991-02-08,300.47217978626094,299.0307584923455,301.91360108017636,0.1236558589338885,300.34852392732705
1991-02-09,300.4721797874617,299.02399473170266,301.92036484322074,0.1236558589338885,300.3485239285278
1991-02-10,300.47217978821016,299.01726241455225,301.92709716186806,0.1236558589338885,300.34852392927627
1991-02-11,300.4721797886766,299.0105611064723,301.9337984708809,0.1236558589338885,300.3485239297427
1991-02-12,300.47217978896737,299.003890382929,301.94046919500573,0.1236558589338885,300.3485239300335
1991-02-13,300.4721797891486,298.9972498289724,301.9471097493248,0.1236558589338885,300.3485239302147
1991-02-14,300.47217978926153,298.9906390389421,301.95372053958096,0.1236558589338885,300.34852393032764
1991-02-15,300.47217978933196,298.98405761618193,301.960301962482,0.1236558589338885,300.3485239303981
1991-02-16,300.47217978937584,298.97750517276455,301.96685440598714,0.1236558589338885,300.34852393044196
1991-02-17,300.4721797894032,298.9709813292265,301.97337824957987,0.1236558589338885,300.3485239304693
1991-02-18,300.47217978942024,298.96448571431245,301.97987386452803,0.1236558589338885,300.34852393048635
1991-02-19,300.47217978943087,298.9580179647294,301.98634161413236,0.1236558589338885,300.348523930497
1991-02-20,300.4721797894375,298.9515777249101,301.9927818539649,0.1236558589338885,300.34852393050363
1991-02-21,300.47217978944167,298.94516464678503,301.9991949320983,0.1236558589338885,300.3485239305078
1991-02-22,300.4721797894442,298.93877838956297,302.0055811893255,0.1236558589338885,300.34852393051034
1991-02-23,300.4721797894458,298.9324186195199,302.0119409593717,0.1236558589338885,300.34852393051193
1991-02-24,300.47217978944684,298.92608500979577,302.0182745690979,0.1236558589338885,300.34852393051295
1991-02-25,300.47217978944747,298.91977724019796,302.024582338697,0.1236558589338885,300.3485239305136
1991-02-26,300.47217978944786,298.9134949970129,302.03086458188284,0.1236558589338885,300.348523930514
1991-02-27,300.4721797894481,298.90723797282374,302.03712160607245,0.1236558589338885,300.3485239305142
1991-02-28,300.47217978944826,298.9010058663351,302.04335371256144,0.1236558589338885,300.3485239305144
1991-03-01,300.4683897538443,298.89100834659934,302.04577116108925,0.11986582332979898,300.3485239305145
1991-03-02,300.46838975384435,298.88482519526985,302.05195431241884,0.11986582332979898,300.34852393051455
1991-03-03,300.4683897538444,298.8786660928189,302.0581134148699,0.11986582332979898,300.3485239305146
1991-03-04,300.4683897538444,298.8725307608016,302.0642487468872,0.11986582332979898,300.3485239305146
1991-03-05,300.4683897538444,298.86641892610544,302.0703605815834,0.11986582332979898,300.3485239305146
1991-03-06,300.4683897538444,298.86033032080786,302.07644918688095,0.11986582332979898,300.3485239305146
1991-03-07,300.4683897538444,298.85426468203957,302.08251482564924,0.11986582332979898,300.3485239305146
1991-03-08,300.4683897538444,298.848221751852,302.0885577558368,0.11986582332979898,300.3485239305146
1991-03-09,300.4683897538444,298.8422012770893,302.0945782305995,0.11986582332979898,300.3485239305146
1991-03-10,300.4683897538444,298.8362030092645,302.1005764984243,0.11986582332979898,300.3485239305146
1991-03-11,300.4683897538444,298.8302267044402,302.10655280324863,0.11986582332979898,300.3485239305146
1991-03-12,300.4683897538444,298.8242721231122,302.1125073845766,0.11986582332979898,300.3485239305146
1991-03-13,300.4683897538444,298.8183390300982,302.11844047759064,0.11986582332979898,300.3485239305146
1991-03-14,300.4683897538444,298.8124271944287,302.1243523132601,0.11986582332979898,300.3485239305146
1991-03-15,300.4683897538444,298.8065363892428,302.130243118446,0.11986582332979898,300.3485239305146
1991-03-16,300.4683897538444,298.80066639168604,302.1361131160028,0.11986582332979898,300.3485239305146
1991-03-17,300.4683897538444,298.79481698281234,302.1419625248765,0.11986582332979898,300.3485239305146
1991-03-18,300.4683897538444,298.78898794748864,302.1477915602002,0.11986582332979898,300.3485239305146
1991-03-19,300.4683897538444,298.7831790743025,302.1536004333863,0.11986582332979898,300.3485239305146
1991-03-20,300.4683897538444,298.77739015547274,302.15938935221607,0.11986582332979898,300.3485239305146
1991-03-21,300.4683897538444,298.7716209867626,302.1651585209262,0.11986582332979898,300.3485239305146
1991-03-22,300.4683897538444,298.76587136739585,302.17090814029297,0.11986582332979898,300.3485239305146
1991-03-23,300.4683897538444,298.76014109997504,302.17663840771377,0.11986582332979898,300.3485239305146
1991-03-24,300.4683897538444,298.75442999040257,302.18234951728624,0.11986582332979898,300.3485239305146
1991-03-25,300.4683897538444,298.7487378478039,302.1880416598849,0.11986582332979898,300.3485239305146
1991-03-26,300.4683897538444,298.7430644844532,302.1937150232356,0.11986582332979898,300.3485239305146
1991-03-27,300.4683897538444,298.73740971570106,302.19936979198775,0.11986582332979898,300.3485239305146
1991-03-28,300.4683897538444,298.7317733599042,302.2050061477846,0.11986582332979898,300.3485239305146
1991-03-29,300.4683897538444,298.72615523835776,302.21062426933105,0.11986582332979898,300.3485239305146
1991-03-30,300.4683897538444,298.72055517522887,302.21622433245994,0.11986582332979898,300.3485239305146
1991-03-31,300.4683897538444,298.7149729974926,302.2218065101962,0.11986582332979898,300.3485239305146
1991-04-01,300.4277925562705,298.66881133729566,302.18677377524534,0.0792686257559156,300.3485239305146
1991-04-02,300.4277925562705,298.6632644221912,302.1923206903498,0.0792686257559156,300.3485239305146
1991-04-03,300.4277925562705,298.65773488963686,302.19785022290415,0.0792686257559156,300.3485239305146
1991-04-04,300.4277925562705,298.6522225772329,302.2033625353081,0.0792686257559156,300.3485239305146
1991-04-05,300.4277925562705,298.6467273250926,302.2088577874484,0.0792686257559156,300.3485239305146
1991-04-06,300.4277925562705,298.6412489757884,302.2143361367526,0.0792686257559156,300.3485239305146
1991-04-07,300.4277925562705,298.63578737429896,302.21979773824205,0.0792686257559156,300.3485239305146
1991-04-08,300.4277925562705,298.6303423679582,302.22524274458283,0.0792686257559156,300.3485239305146
1991-04-09,300.4277925562705,298.6249138064054,302.2306713061356,0.0792686257559156,300.3485239305146
1991-04-10,300.4277925562705,298.6195015415369,302.2360835710041,0.0792686257559156,300.3485239305146
1991-04-11,300.4277925562705,298.6141054274588,302.2414796850822,0.0792686257559156,300.3485239305146
1991-04-12,300.4277925562705,298.608725320441,302.2468597921,0.0792686257559156,300.3485239305146
1991-04-13,300.4277925562705,298.6033610788728,302.2522240336682,0.0792686257559156,300.3485239305146
1991-04-14,300.4277925562705,298.5980125632193,302.2575725493217,0.0792686257559156,300.3485239305146
1991-04-15,300.4277925562705,298.59267963597875,302.26290547656225,0.0792686257559156,300.3485239305146
1991-04-16,300.4277925562705,298.5873621616419,302.2682229508991,0.0792686257559156,300.3485239305146
1991-04-17,300.4277925562705,298.5820600066513,302.2735251058897,0.0792686257559156,300.3485239305146
1991-04-18,300.4277925562705,298.57677303936237,302.27881207317864,0.0792686257559156,300.3485239305146
1991-04-19,300.4277925562705,298.57150113000523,302.2840839825358,0.0792686257559156,300.3485239305146
1991-04-20,300.4277925562705,298.5662441506476,302.2893409618934,0.0792686257559156,300.3485239305146
1991-04-21,300.4277925562705,298.5610019751586,302.2945831373824,0.0792686257559156,300.3485239305146
1991-04-22,300.4277925562705,298.5557744791731,302.2998106333679,0.0792686257559156,300.3485239305146
1991-04-23,300.4277925562705,298.55056154005797,302.30502357248304,0.0792686257559156,300.3485239305146
1991-04-24,300.4277925562705,298.5453630368777,302.3102220756633,0.0792686257559156,300.3485239305146
1991-04-25,300.4277925562705,298.5401788503623,302.3154062621787,0.0792686257559156,300.3485239305146
1991-04-26,300.4277925562705,298.5350088628751,302.3205762496659,0.0792686257559156,300.3485239305146
1991-04-27,300.4277925562705,298.5298529583816,302.3257321541594,0.0792686257559156,300.3485239305146
1991-04-28,300.4277925562705,298.5247110224192,302.3308740901218,0.0792686257559156,300.3485239305146
1991-04-29,300.4277925562705,298.5195829420675,302.33600217047353,0.0792686257559156,300.3485239305146
1991-04-30,300.4277925562705,298.51446860591915,302.34111650662186,0.0792686257559156,300.3485239305146
1991-05-01,300.42428955415704,298.50586490193865,302.34271420637543,0.07576562364241926,300.3485239305146
1991-05-02,300.42428955415704,298.50077772588816,302.3478013824259,0.07576562364241926,300.3485239305146
1991-05-03,300.42428955415704,298.49570396862,302.3528751396941,0.07576562364241926,300.3485239305146
1991-05-04,300.42428955415704,298.49064352450415,302.35793558380993,0.07576562364241926,300.3485239305146
1991-05-05,300.42428955415704,298.4855962892893,302.3629828190248,0.07576562364241926,300.3485239305146
1991-05-06,300.42428955415704,298.4805621600777,302.3680169482364,0.07576562364241926,300.3485239305146
1991-05-07,300.42428955415704,298.47554103530047,302.3730380730136,0.07576562364241926,300.3485239305146
1991-05-08,300.42428955415704,298.4705328146941,302.37804629362,0.07576562364241926,300.3485239305146
1991-05-09,300.42428955415704,298.4655373992768,302.3830417090373,0.07576562364241926,300.3485239305146
1991-05-10,300.42428955415704,298.46055469132574,302.38802441698834,0.07576562364241926,300.3485239305146
1991-05-11,300.42428955415704,298.4555845943548,302.3929945139593,0.07576562364241926,300.3485239305146
1991-05-12,300.42428955415704,298.4506270130925,302.39795209522157,0.07576562364241926,300.3485239305146
1991-05-13,300.42428955415704,298.44568185346134,302.40289725485275,0.07576562364241926,300.3485239305146
1991-05-14,300.42428955415704,298.4407490225562,302.4078300857579,0.07576562364241926,300.3485239305146
1991-05-15,300.42428955415704,298.4358284286244,302.4127506796897,0.07576562364241926,300.3485239305146
1991-05-16,300.42428955415704,298.4309199810458,302.4176591272683,0.07576562364241926,300.3485239305146
1991-05-17,300.42428955415704,298.4260235903132,302.4225555180009,0.07576562364241926,300.3485239305146
1991-05-18,300.42428955415704,298.4211391680133,302.42743994030076,0.07576562364241926,300.3485239305146
1991-05-19,300.42428955415704,298.4162666268081,302.43231248150596,0.07576562364241926,300.3485239305146
1991-05-20,300.42428955415704,298.4114058804168,302.4371732278973,0.07576562364241926,300.3485239305146
1991-05-21,300.42428955415704,298.40655684359774,302.44202226471634,0.07576562364241926,300.3485239305146
1991-05-22,300.42428955415704,298.4017194321311,302.446859676183,0.07576562364241926,300.3485239305146
1991-05-23,300.42428955415704,298.39689356280184,302.45168554551225,0.07576562364241926,300.3485239305146
1991-05-24,300.42428955415704,298.39207915338295,302.45649995493113,0.07576562364241926,300.3485239305146
1991-05-25,300.42428955415704,298.38727612261926,302.46130298569483,0.07576562364241926,300.3485239305146
1991-05-26,300.42428955415704,298.38248439021106,302.466094718103,0.07576562364241926,300.3485239305146
1991-05-27,300.42428955415704,298.3777038767989,302.4708752315152,0.07576562364241926,300.3485239305146
1991-05-28,300.42428955415704,298.3729345039479,302.4756446043662,0.07576562364241926,300.3485239305146
1991-05-29,300.42428955415704,298.3681761941329,302.4804029141812,0.07576562364241926,300.3485239305146
1991-05-30,300.42428955415704,298.3634288707238,302.4851502375903,0.07576562364241926,300.3485239305146
1991-05-31,300.42428955415704,298.3586924579711,302.489886650343,0.07576562364241926,300.3485239305146
1991-06-01,300.4382357532736,298.3679130801081,302.5085584264391,0.0897118227589988,300.3485239305146
1991-06-02,300.4382357532736,298.36319826487147,302.51327324167573,0.0897118227589988,300.3485239305146
1991-06-03,300.4382357532736,298.3584941381865,302.51797736836073,0.0897118227589988,300.3485239305146
1991-06-04,300.4382357532736,298.3538006276877,302.5226708788595,0.0897118227589988,300.3485239305146
1991-06-05,300.4382357532736,298.3491176618227,302.52735384472453,0.0897118227589988,300.3485239305146
1991-06-06,300.4382357532736,298.3444451698392,302.532026336708,0.0897118227589988,300.3485239305146
1991-06-07,300.4382357532736,298.3397830817726,302.5366884247746,0.0897118227589988,300.3485239305146
1991-06-08,300.4382357532736,298.3351313284338,302.5413401781134,0.0897118227589988,300.3485239305146
1991-06-09,300.4382357532736,298.33048984139714,302.54598166515007,0.0897118227589988,300.3485239305146
1991-06-10,300.4382357532736,298.32585855298885,302.55061295355836,0.0897118227589988,300.3485239305146
1991-06-11,300.4382357532736,298.3212373962752,302.555234110272,0.0897118227589988,300.3485239305146
1991-06-12,300.4382357532736,298.31662630505156,302.55984520149565,0.0897118227589988,300.3485239305146
1991-06-13,300.4382357532736,298.31202521383113,302.56444629271607,0.0897118227589988,300.3485239305146
1991-06-14,300.4382357532736,298.3074340578342,302.569037448713,0.0897118227589988,300.3485239305146
1991-06-15,300.4382357532736,298.3028527729775,302.57361873356973,0.0897118227589988,300.3485239305146
1991-06-16,300.4382357532736,298.2982812958635,302.5781902106837,0.0897118227589988,300.3485239305146
1991-06-17,300.4382357532736,298.29371956377054,302.58275194277667,0.0897118227589988,300.3485239305146
1991-06-18,300.4382357532736,298.28916751464277,302.58730399190443,0.0897118227589988,300.3485239305146
1991-06-19,300.4382357532736,298.28462508708003,302.5918464194672,0.0897118227589988,300.3485239305146
1991-06-20,300.4382357532736,298.28009222032824,302.59637928621896,0.0897118227589988,300.3485239305146
1991-06-21,300.4382357532736,298.2755688542702,302.600902652277,0.0897118227589988,300.3485239305146
1991-06-22,300.4382357532736,298.271054929416,302.6054165771312,0.0897118227589988,300.3485239305146
1991-06-23,300.4382357532736,298.26655038689404,302.60992111965317,0.0897118227589988,300.3485239305146
1991-06-24,300.4382357532736,298.2620551684419,302.6144163381053,0.0897118227589988,300.3485239305146
1991-06-25,300.4382357532736,298.25756921639794,302.61890229014926,0.0897118227589988,300.3485239305146
1991-06-26,300.4382357532736,298.25309247369205,302.62337903285515,0.0897118227589988,300.3485239305146
1991-06-27,300.4382357532736,298.24862488383775,302.62784662270946,0.0897118227589988,300.3485239305146
1991-06-28,300.4382357532736,298.2441663909237,302.6323051156235,0.0897118227589988,300.3485239305146
1991-06-29,300.4382357532736,298.2397169396052,302.636754566942,0.0897118227589988,300.3485239305146
