date,obs_ma,p05,p25,p75,p95
1961-01-01,-0.3688555474024507,-0.8201138352807791,-0.5944846913416149,-0.14322640346328647,0.08240274047587776
1961-02-01,-0.36082426800460266,-0.8120825558829311,-0.5864534119437669,-0.13519512406543843,0.09043401987372579
1961-03-01,-0.352853235342599,-0.8041115232209275,-0.5784823792817633,-0.12722409140343477,0.09840505253572945
1961-04-01,-0.34494350492593207,-0.7962017928042605,-0.5705726488650963,-0.11931436098676784,0.10631478295239638
1961-05-01,-0.33709599651449457,-0.7883542843928231,-0.5627251404536588,-0.11146685257533034,0.11416229136383388
1961-06-01,-0.32931149646019336,-0.7805697843385218,-0.5549406403993575,-0.10368235252102914,0.12194679141813508
1961-07-01,-0.3215905890706804,-0.7728488769490088,-0.5472197330098446,-0.09596144513151617,0.12966769880764806
1961-08-01,-0.31393360824170974,-0.7651918961200381,-0.5395627521808739,-0.08830446430254552,0.1373246796366187
1961-09-01,-0.30634059876631964,-0.7575988866446481,-0.5319697427054839,-0.08071145482715542,0.1449176891120088
1961-10-01,-0.29881143245852204,-0.7500697203368505,-0.5244405763976863,-0.07318228851935782,0.1524468554198064
1961-11-01,-0.2913457406814836,-0.7426040285598121,-0.5169748846206479,-0.06571659674231939,0.15991254719684483
1961-12-01,-0.28394287122470246,-0.735201159103031,-0.5095720151638667,-0.05831372728553824,0.16731541665362598
1962-01-01,-0.27660184443353775,-0.7278601323118662,-0.502230988372702,-0.050972700494373524,0.1746564434447907
1962-02-01,-0.26932149872221706,-0.7205797866005454,-0.4949506426613813,-0.043692354783052834,0.1819367891561114
1962-03-01,-0.26210076262899434,-0.7133590505073228,-0.48772990656815857,-0.03647161868983012,0.1891575252493341
1962-04-01,-0.2549386425668087,-0.7061969304451372,-0.4805677865059729,-0.02930949862764448,0.19631964531151974
1962-05-01,-0.24783405202155007,-0.6990923398998785,-0.4734631959607143,-0.022204908082385844,0.20342423585677838
1962-06-01,-0.2407857456010709,-0.6920440334793994,-0.46641488954023513,-0.015156601661906688,0.21047254227725753
1962-07-01,-0.2337923910548154,-0.6850506789331439,-0.45942153499397964,-0.008163247115651168,0.21746589682351306
1962-08-01,-0.22685241239169363,-0.6781107002700221,-0.45248155633085785,-0.0012232684525294024,0.22440587548663482
1962-09-01,-0.2199640660533973,-0.6712223539317257,-0.4455932099925615,0.005665077885766923,0.23129422182493115
1962-10-01,-0.21312539247457596,-0.6643836803529044,-0.4387545364137402,0.012503751464588264,0.2381328954037525
1962-11-01,-0.20633432317285824,-0.6575926110511867,-0.4319634671120225,0.01929482076630598,0.2449239647054702
1962-12-01,-0.19958878274567135,-0.6508470706239998,-0.4252179266848356,0.026040361193492872,0.25166950513265707
1963-01-01,-0.1928866026587376,-0.644144890537066,-0.4185157465979018,0.03274254128042661,0.25837168521959086
1963-02-01,-0.18622572147837277,-0.6374840093567012,-0.411854865417537,0.039403422460791454,0.26503256639995565
1963-03-01,-0.17960418696378683,-0.6308624748421152,-0.40523333090295105,0.046024956975377396,0.2716541009145416
1963-04-01,-0.1730200134360205,-0.6242783013143489,-0.3986491573751847,0.052609130503143725,0.278238274442308
1963-05-01,-0.16647112730330565,-0.6177294151816342,-0.3921002712424699,0.05915801663585857,0.2847871605750228
1963-06-01,-0.15995534948679432,-0.6112136373651228,-0.3855844934259586,0.0656737944523699,0.2913029383915341
1963-07-01,-0.15347041555076477,-0.6047287034290932,-0.379099559489929,0.07215872838839946,0.29778787232756365
1963-08-01,-0.14701402328483612,-0.5982723111631646,-0.37264316722400037,0.0786151206543281,0.3042442645934923
1963-09-01,-0.14058378556035456,-0.591842073438683,-0.3662129294995188,0.08504535837880967,0.3106745023179739
1963-10-01,-0.13417741644173864,-0.5854357043200671,-0.35980656038090286,0.09145172749742558,0.3170808714365898
1963-11-01,-0.12779281120067945,-0.5790510990790079,-0.35342195513984365,0.09783633273848477,0.323465476677649
1963-12-01,-0.12142803925979404,-0.5726863271381225,-0.3470571831989583,0.10420110467937019,0.3298302486185344
1964-01-01,-0.11508126454460128,-0.5663395524229298,-0.3407104084837655,0.11054787939456294,0.3361770233337272
1964-02-01,-0.10875077584926283,-0.5600090637275913,-0.33437991978842707,0.11687836808990139,0.3425075120290656
1964-03-01,-0.10243503981349456,-0.553693327691823,-0.3280641837526588,0.12319410412566967,0.3488232480648339
1964-04-01,-0.09613257208686876,-0.5473908599651972,-0.321761716026033,0.12949657185229546,0.3551257157914597
1964-05-01,-0.08984208348860488,-0.5411003713669333,-0.3154712274277691,0.13578706045055933,0.36141620438972355
1964-06-01,-0.0835623699101699,-0.5348206577884983,-0.30919151384933413,0.1420667740289943,0.36769591796815854
1964-07-01,-0.07729238915706739,-0.5285506770353958,-0.3029215330962316,0.14833675478209685,0.37396589872126107
1964-08-01,-0.0710311652188663,-0.5222894530971948,-0.29666030915803054,0.15459797872029793,0.3802271226594621
1964-09-01,-0.0647779966000232,-0.5160362844783517,-0.2904071405391874,0.16085114733914102,0.38648029127830524
1964-10-01,-0.058532753509817216,-0.5097910413881457,-0.28416189744898146,0.167096390429347,0.3927255343685112
1964-11-01,-0.05229598611443437,-0.5035542739927628,-0.2779251300535986,0.17333315782472986,0.3989623017638941
1964-12-01,-0.04606934043398037,-0.4973276283123088,-0.2716984843731446,0.17955980350518386,0.4051889474443481
1965-01-01,-0.03985600545979418,-0.4911142933381226,-0.2654851493989584,0.18577313847937005,0.41140228241853427
1965-02-01,-0.033661931416392336,-0.4849202192947208,-0.25929107535555657,0.19196721252277188,0.4175963564619361
1965-03-01,-0.02749824537469945,-0.4787565332530279,-0.2531273893138637,0.19813089856446478,0.423760042503629
1965-04-01,-0.02138415603451481,-0.47264244391284327,-0.24701329997367905,0.2042449879046494,0.4298741318438136
1965-05-01,-0.015350403052589648,-0.4666086909309181,-0.24097954699175386,0.21027874088657458,0.4359078848257388
1965-06-01,-0.009443748800751403,-0.46070203667907983,-0.23507289273991563,0.2161853951384128,0.44181453907757706
1965-07-01,-0.0037315008153347607,-0.4549897886936632,-0.229360644754499,0.22189764312382945,0.4475267870629937
1965-08-01,0.001696379688784007,-0.44956190818954445,-0.22393276425038022,0.22732552362794822,0.45295466756711245
1965-09-01,0.006732438809556558,-0.4445258490687719,-0.21889670512960765,0.2323615827487208,0.457990726687885
1965-10-01,0.011274861751627101,-0.4399834261267013,-0.21435428218753713,0.2369040056907913,0.46253314962995556
1965-11-01,0.013806967776339938,-0.4374513201019885,-0.21182217616282428,0.23943611171550416,0.4650652556546684
1965-12-01,0.0161673149130584,-0.43509097296527005,-0.20946182902610583,0.24179645885222262,0.46742560279138684
1966-01-01,0.01835538330090491,-0.43290290457742353,-0.2072737606382593,0.24398452724006914,0.46961367117923336
1966-02-01,0.020370300459141413,-0.43088798741918705,-0.20525884348002282,0.24599944439830562,0.47162858833746985
1966-03-01,0.02221389805108081,-0.42904438982724763,-0.2034152458880834,0.24784304199024504,0.47347218592940926
1966-04-01,0.02389056822067485,-0.4273677196576536,-0.20173857571848938,0.24951971215983906,0.4751488560990033
1966-05-01,0.02540499723477511,-0.4258532906435533,-0.20022414670438912,0.25103414117393935,0.4766632851131036
1966-06-01,0.026759247659821496,-0.42449904021850693,-0.19886989627934273,0.25238839159898574,0.47801753553814996
1966-07-01,0.02795262959224518,-0.42330565828608324,-0.19767651434691905,0.2535817735314094,0.47921091747057365
1966-08-01,0.02898082636802746,-0.422277461510301,-0.19664831757113677,0.2546099703071917,0.4802391142463559
1966-09-01,0.02983628022129132,-0.42142200765703713,-0.1957928637178729,0.25546542416045553,0.48109456809961976
1966-10-01,0.030508165748517977,-0.42075012212981044,-0.19512097819064625,0.2561373096876822,0.48176645362684645
1966-11-01,0.030984372190673577,-0.4202739156876549,-0.19464477174849065,0.2566135161298378,0.482242660069002
1966-12-01,0.031255733375741925,-0.4200025545025865,-0.1943734105634223,0.25688487731490617,0.4825140212540704
1967-01-01,0.031315816596369464,-0.419942471281959,-0.19431332734279477,0.2569449605355337,0.4825741044746979
1967-02-01,0.031159031010699192,-0.4200992568676293,-0.19447011292846503,0.2567881749498634,0.4824173188890276
1967-03-01,0.030779913704427453,-0.420478374173901,-0.19484923023473677,0.2564090576435917,0.4820382015827559
1967-04-01,0.030174055986546728,-0.42108423189178174,-0.19545508795261748,0.25580319992571093,0.48143234386487516
1967-05-01,0.02933575384881684,-0.42192253402951163,-0.19629339009034738,0.25496489778798104,0.48059404172714526
1967-06-01,0.028259090674766372,-0.42299919720356205,-0.19737005326439785,0.2538882346139306,0.47951737855309484
1967-07-01,0.026937431819230095,-0.42432085605909836,-0.19869171211993414,0.2525665757583943,0.47819571969755853
1967-08-01,0.025363826012872587,-0.4258944618654559,-0.20026531792629162,0.2509929699520368,0.476622113891201
1967-09-01,0.0235339418899577,-0.4277243459883707,-0.20209520204920653,0.24916308582912192,0.47479222976828617
1967-10-01,0.021446098613890647,-0.4298121892644378,-0.20418304532527357,0.24707524255305488,0.4727043864922191
1967-11-01,0.019106235569055708,-0.4321520523092727,-0.2065229083701085,0.24473537950821994,0.47036452344738416
1967-12-01,0.01652942177360662,-0.43472886610472183,-0.2090997221655576,0.24215856571277083,0.46778770965193506
1968-01-01,0.01373560745981638,-0.43752268041851206,-0.21189353647934783,0.2393647513989806,0.46499389533814484
1968-02-01,0.010748211891035567,-0.44051007598729286,-0.21488093204812866,0.23637735583019978,0.46200649976936403
1968-03-01,0.00759228475528022,-0.4436660031230482,-0.218036859183884,0.23322142869444445,0.4588505726336087
1968-04-01,0.0042946954756824945,-0.44696359240264594,-0.22133444846348171,0.22992383941484673,0.45555298335401095
1968-05-01,0.0008837324286746893,-0.45037455544965377,-0.22474541151048955,0.2265128763678389,0.4521420203070031
1968-06-01,-0.0026127225622141525,-0.4538710104405426,-0.22824186650137837,0.22301642137695007,0.44864556531611427
1968-07-01,-0.006165020982554594,-0.45742330886088306,-0.2317941649217188,0.21946412295660964,0.44509326689577383
1968-08-01,-0.00974119439600713,-0.46099948227433557,-0.23537033833517135,0.2158879495431571,0.4415170934823213
1968-09-01,-0.013307862760460448,-0.4645661506387889,-0.23893700669962467,0.21232128117870377,0.43795042511786797
1968-10-01,-0.016831581069961604,-0.4680898689482901,-0.24246072500912583,0.20879756286920262,0.4344267068083668
1968-11-01,-0.020279016270125922,-0.47153730414845435,-0.24590816020929016,0.2053501276690383,0.43097927160820254
1968-12-01,-0.023616664987514302,-0.47487495286584275,-0.24924580892667852,0.20201247895164992,0.42764162289081414
1969-01-01,-0.026812549597943817,-0.47807083747627227,-0.25244169353710805,0.1988165943412204,0.4244457382803846
1969-02-01,-0.029834735668910158,-0.4810930235472386,-0.2554638796080744,0.19579440827025407,0.4214235522094183
1969-03-01,-0.03265267905286902,-0.48391096693119745,-0.2582818229920332,0.19297646488629522,0.41860560882545944
1969-04-01,-0.035238204760556384,-0.48649649263888484,-0.2608673486997206,0.19039093917860783,0.41602008311777205
1969-05-01,-0.03757092877103086,-0.4888292166493593,-0.2632000727101951,0.18805821516813337,0.4136873591072976
1969-06-01,-0.039638889687408724,-0.49089717756573714,-0.2652680336265729,0.1859902542517555,0.41161939819091975
1969-07-01,-0.041437179714568284,-0.49269546759289673,-0.2670663236537325,0.18419196422459594,0.40982110816376016
1969-08-01,-0.0429686101516294,-0.49422689802995784,-0.2685977540907936,0.18266053378753483,0.40828967772669905
1969-09-01,-0.04424385293578883,-0.49550214081411725,-0.26987299687495303,0.1813852910033754,0.40701443494253964
1969-10-01,-0.04528341584888165,-0.49654170372721007,-0.27091255978804585,0.18034572809028257,0.4059748720294468
1969-11-01,-0.04611461557423533,-0.4973729034525638,-0.2717437595133996,0.1795145283649289,0.4051436723040931
1969-12-01,-0.04676400734159259,-0.49802229521992103,-0.2723931512807568,0.17886513659757164,0.40449428053673586
1970-01-01,-0.04725455437633374,-0.4985128422546622,-0.27288369831549797,0.17837458956283048,0.4040037335019947
1970-02-01,-0.04761038685026216,-0.4988686747285906,-0.27323953078942637,0.17801875708890208,0.4036479010280663
1970-03-01,-0.04785564765377869,-0.49911393553210714,-0.2734847915929429,0.17777349628538552,0.40340264022454975
1970-04-01,-0.04801502112810449,-0.49927330900643296,-0.27364416506726874,0.17761412281105973,0.4032432667502239
1970-05-01,-0.048114986059379056,-0.4993732739377075,-0.27374412999854325,0.17751415787978517,0.4031433018189494
1970-06-01,-0.04818224604545556,-0.499440533923784,-0.2738113899846198,0.17744689789370865,0.4030760418328729
1970-07-01,-0.04824410481507652,-0.49950239269340496,-0.27387324875424074,0.1773850391240877,0.40301418306325193
1970-08-01,-0.048329200708964244,-0.4995874885872927,-0.27395834464812846,0.17729994323019999,0.4029290871693642
1970-09-01,-0.04846508483504638,-0.4997233727133748,-0.2740942287742106,0.17716405910411784,0.4027932030432821
1970-10-01,-0.048679026678117694,-0.49993731455644613,-0.2743081706172819,0.17695011726104654,0.40257926120021076
1970-11-01,-0.04899975479729035,-0.5002580426756188,-0.2746288987364546,0.17662938914187387,0.4022585330810381
1970-12-01,-0.049457617776024136,-0.5007159056543525,-0.27508676171518837,0.17617152616314008,0.4018006701023043
1971-01-01,-0.05008081490937953,-0.501339102787708,-0.27570995884854377,0.17554832902978468,0.4011774729689489
1971-02-01,-0.05089663486573728,-0.5021549227440657,-0.2765257788049015,0.17473250907342694,0.4003616530125912
1971-03-01,-0.05193001311169544,-0.5031883009900239,-0.27755915705085965,0.1736991308274688,0.399328274766633
1971-04-01,-0.053200621504183546,-0.504458909382512,-0.27882976544334775,0.1724285224349807,0.3980576663741449
1971-05-01,-0.05472356568252173,-0.5059818535608501,-0.28035270962168596,0.1709055782566425,0.3965347221958067
1971-06-01,-0.05651045263053224,-0.5077687405088607,-0.28213959656969645,0.169118691308632,0.3947478352477962
1971-07-01,-0.05856782138561564,-0.5098261092639441,-0.2841969653247799,0.16706132255354858,0.3926904664927128
1971-08-01,-0.06089940635210341,-0.5121576942304319,-0.2865285502912676,0.1647297375870608,0.39035888152622505
1971-09-01,-0.06350638287669812,-0.5147646707550265,-0.28913552681586235,0.1621227610624661,0.3877519050016303
1971-10-01,-0.06638421367540899,-0.5176425015537375,-0.2920133576145732,0.15924493026375525,0.38487407420291947
1971-11-01,-0.06952200134496457,-0.520780289223293,-0.2951511452841288,0.15610714259419967,0.3817362865333639
1971-12-01,-0.07290385320065189,-0.5241621410789803,-0.2985329971398161,0.15272529073851232,0.37835443467767654
1972-01-01,-0.07650877825938775,-0.5277670661377162,-0.30213792219855196,0.1491203656797765,0.3747495096189407
1972-02-01,-0.08030777831300398,-0.5315660661913324,-0.3059369222521682,0.14532136562616024,0.3709505095653245
1972-03-01,-0.08426630201541085,-0.5355245898937393,-0.3098954459545751,0.14136284192375337,0.3669919858629176
1972-04-01,-0.08834722875758244,-0.5396055166359108,-0.31397637269674666,0.13728191518158178,0.362911059120746
1972-05-01,-0.09251129690758814,-0.5437695847859165,-0.31814044084675236,0.1331178470315761,0.3587469909707403
1972-06-01,-0.09671710120433322,-0.5479753890826616,-0.3223462451434974,0.128912042734831,0.35454118667399526
1972-07-01,-0.10092401183704469,-0.5521822997153731,-0.3265531557762089,0.12470513210211953,0.35033427604128375
1972-08-01,-0.10509166229398983,-0.5563499501723183,-0.33072080623315403,0.12053748164517439,0.34616662558433864
1972-09-01,-0.10918142669227811,-0.5604397145706066,-0.3348105706314423,0.11644771724688611,0.34207686118605035
1972-10-01,-0.11315258171923334,-0.5644108695975618,-0.3387817256583976,0.11247656221993088,0.3381057061590951
1972-11-01,-0.11696396942670656,-0.5682222573050351,-0.3425931133658708,0.10866517451245766,0.3342943184516219
1972-12-01,-0.12057501667398635,-0.5718333045523147,-0.34620416061315057,0.10505412726517788,0.3306832712043421
1973-01-01,-0.12394673989561708,-0.5752050277739456,-0.34957588383478133,0.10168240404354714,0.32731154798271134
1973-02-01,-0.12704230353862903,-0.5783005914169574,-0.3526714474777932,0.0985868404005352,0.32421598433969945
1973-03-01,-0.12982831399816125,-0.5810866018764898,-0.35545745793732547,0.09580082994100297,0.3214299738801672
1973-04-01,-0.13227700112461402,-0.5835352890029425,-0.35790614506377827,0.0933521428145502,0.3189812867537144
1973-05-01,-0.13436590159067552,-0.585624189469004,-0.35999504552983974,0.0912632423484887,0.3168923862876529
1973-06-01,-0.1360761640596005,-0.5873344519379289,-0.3617053079987647,0.08955297987956373,0.31518212381872796
1973-07-01,-0.13739451668305086,-0.5886528045613793,-0.3630236606222151,0.08823462725611336,0.3138637711952776
1973-08-01,-0.13831462807475997,-0.5895729159530885,-0.3639437720139242,0.08731451586440425,0.3129436598035685
1973-09-01,-0.13883756937833586,-0.5900958572566644,-0.3644667133175001,0.08679157456082837,0.3124207184999926
1973-10-01,-0.13897023276691994,-0.5902285206452484,-0.36459937670608417,0.08665891117224428,0.3122880551114085
1973-11-01,-0.13872535392025473,-0.5899836417985832,-0.364354497859419,0.0869037900189095,0.3125329339580737
1973-12-01,-0.1381217960302353,-0.5893800839085638,-0.36375093996939956,0.08750734790892892,0.3131364918480931
1974-01-01,-0.137183490744503,-0.5884417786228314,-0.3628126346836672,0.08844565319466122,0.31407479713382547
1974-02-01,-0.13594029139759906,-0.5871985792759276,-0.3615694353367633,0.08968885254156517,0.3153179964807294
1974-03-01,-0.1344234536782865,-0.5856817415566149,-0.36005259761745073,0.09120569026087771,0.31683483420004194
1974-04-01,-0.13266446308669097,-0.5839227509650194,-0.3582936070258552,0.09296468085247325,0.31859382479163745
1974-05-01,-0.13069348486791857,-0.581951772746247,-0.35632262880708276,0.09493565907124565,0.3205648030104099
1974-06-01,-0.1285410268302933,-0.5797993147086218,-0.35417017076945756,0.09708811710887091,0.3227172610480351
1974-07-01,-0.12623880787926187,-0.5774970957575903,-0.3518679518184261,0.09939033605990236,0.32501947999906655
1974-08-01,-0.1238185591282215,-0.5750768470065499,-0.3494477030673857,0.10181058481094273,0.32743972875010696
1974-09-01,-0.1213118767529148,-0.5725701646312432,-0.346941020692079,0.10431726718624942,0.3299464111254137
1974-10-01,-0.11875019678102951,-0.5700084846593579,-0.3443793407201937,0.10687894715813472,0.33250809109729895
1974-11-01,-0.11616347733610653,-0.567421765214435,-0.34179262127527077,0.10946566660305769,0.3350948105422219
1974-12-01,-0.1135780399970669,-0.5648363278753954,-0.3392071839362311,0.11205110394209732,0.33768024788126155
1975-01-01,-0.11101600510538644,-0.5622742929837149,-0.3366451490445507,0.11461313883377779,0.340242282772942
1975-02-01,-0.10849510304454406,-0.5597533909228725,-0.3341242469837083,0.11713404089462016,0.3427631848337844
1975-03-01,-0.10602754879579147,-0.5572858366741199,-0.3316566927349557,0.11960159514337275,0.345230739082537
1975-04-01,-0.1036216328158311,-0.5548799206941596,-0.3292507767549953,0.12200751112333312,0.34763665506249736
1975-05-01,-0.10128219560674115,-0.5525404834850696,-0.32691133954590534,0.12434694833242307,0.3499760922715873
1975-06-01,-0.09901218826477709,-0.5502704761431055,-0.3246413322039413,0.12661695567438713,0.35224609961355136
1975-07-01,-0.09681270899303579,-0.5480709968713642,-0.3224418529322,0.12881643494612843,0.35444557888529266
1975-08-01,-0.09468228988960904,-0.5459405777679375,-0.32031143382877325,0.1309468540495552,0.3565759979887194
1975-09-01,-0.09261278802402399,-0.5438710759023524,-0.31824193196318823,0.13301635591514022,0.35864549985430444
1975-10-01,-0.09058813666899515,-0.5418464245473236,-0.31621728060815935,0.13504100727016907,0.3606701512093333
1975-11-01,-0.08858483332937747,-0.539843121207706,-0.3142139772685417,0.13704431060978675,0.36267345454895095
1975-12-01,-0.08657494506851347,-0.5378332329468419,-0.3122040890076777,0.13905419887065074,0.36468334280981496
1976-01-01,-0.08452877011777488,-0.5357870579961033,-0.3101579140569391,0.14110037382138935,0.36672951776055357
1976-02-01,-0.08241558012257037,-0.5336738680008988,-0.3080447240617346,0.14321356381659384,0.36884270775575806
1976-03-01,-0.08020504143082566,-0.5314633293091541,-0.30583418536998985,0.14542410250833857,0.3710532464475028
1976-04-01,-0.07786517771939373,-0.5291234655977222,-0.30349432165855794,0.1477639662197705,0.3733931101589347
1976-05-01,-0.07536305654445141,-0.5266213444227799,-0.30099220048361564,0.1502660873947128,0.37589523133387703
1976-06-01,-0.07266559917154114,-0.5239238870498696,-0.29829474311070536,0.15296354476762308,0.3785926887067873
1976-07-01,-0.06974104103423197,-0.5209993289125604,-0.2953701849733962,0.15588810290493227,0.3815172468440965
1976-08-01,-0.06655826480196554,-0.517816552680294,-0.29218740874112975,0.1590708791371987,0.3847000230763629
1976-09-01,-0.0630889102586677,-0.5143471981369961,-0.2887180541978319,0.16254023368049653,0.38816937761966075
1976-10-01,-0.059309827073490105,-0.5105681149518185,-0.2849389710126543,0.1663193168656741,0.39194846080483836
1976-11-01,-0.05520386065144017,-0.5064621485297687,-0.2808330045906044,0.17042528328772405,0.3960544272268883
1976-12-01,-0.050761817738191994,-0.5020201056165204,-0.2763909616773562,0.17486732620097223,0.40049647014013645
1977-01-01,-0.04598222847695694,-0.4972405163552854,-0.27161137241612116,0.1796469154622073,0.4052760594013715
1977-02-01,-0.04087431678449728,-0.4921326046628257,-0.2665034607236615,0.18475482715466696,0.4103839710938312
1977-03-01,-0.03545510740842731,-0.4867133952867558,-0.26108425134759156,0.19017403653073692,0.4158031804699011
1977-04-01,-0.029746576648143064,-0.4810048645264715,-0.2553757205873073,0.19588256729102116,0.4215117112301854
1977-05-01,-0.02377504416131521,-0.47503333203964365,-0.24940418810047943,0.20185409977784902,0.42748324371701324
1977-06-01,-0.017570207200753602,-0.46882849507908203,-0.24319935113991784,0.2080589367384106,0.43368808067757486
1977-07-01,-0.011164373072925754,-0.46242266095125417,-0.23679351701208998,0.21446477086623847,0.4400939148054027
1977-08-01,-0.004590964657359928,-0.45584925253568837,-0.23022010859652414,0.2210381792818043,0.4466673232209685
1977-09-01,0.0021149627660886033,-0.44914332511223987,-0.22351418117307562,0.22774410670525283,0.453373250644417
1977-10-01,0.008916718432061736,-0.44234156944626674,-0.21671242550710249,0.23454586237122596,0.46017500631039016
1977-11-01,0.01577619194094474,-0.4354820959373837,-0.2098529519982195,0.24140533588010896,0.4670344798192732
1977-12-01,0.02265460420911764,-0.4286036836692108,-0.2029745397300466,0.24828374814828186,0.4739128920874461
1978-01-01,0.029513187935114094,-0.42174509994321435,-0.19611595600405013,0.2551423318742783,0.48077147581344254
1978-02-01,0.036314295083704436,-0.414943992794624,-0.1893148488554598,0.26194343902286865,0.4875725829620329
1978-03-01,0.04302008581672637,-0.4082382020616021,-0.18260905812243786,0.26864922975589056,0.4942783736950548
1978-04-01,0.04959363247940558,-0.4016646553989229,-0.17603551145975865,0.2752227764185698,0.5008519203577341
1978-05-01,0.05600077697829659,-0.39525751090003186,-0.16962836696086764,0.2816299209174608,0.5072590648566251
1978-06-01,0.06221381855212345,-0.389044469326205,-0.1634153253870408,0.28784296249128766,0.5134721064304519
1978-07-01,0.06821160727854111,-0.3830466805997873,-0.1574175366606231,0.29384075121770536,0.5194698951568696
1978-08-01,0.07398057163365752,-0.37727771624467094,-0.1516485723055067,0.29960971557282173,0.525238859511986
1978-09-01,0.079515187469287,-0.37174310040904146,-0.14611395646987724,0.3051443314084512,0.5307734753476154
1978-10-01,0.08481747027472109,-0.36644081760360736,-0.14081167366444314,0.3104466142138853,0.5360757581530495
1978-11-01,0.0898926852881016,-0.3613656025902269,-0.13573645865106262,0.3155218292272658,0.54115097316643
1978-12-01,0.0947469980735869,-0.35651128980474156,-0.13088214586557734,0.3203761420127511,0.5460052859519153
1979-01-01,0.09938567844420418,-0.35187260943412424,-0.12624346549496004,0.32501482238336843,0.5506439663225327
1979-02-01,0.10381036691872576,-0.3474479209596027,-0.12181877702043846,0.32943951085788997,0.5550686547970543
1979-03-01,0.10801641421678522,-0.34324187366154324,-0.117612729722379,0.33364555815594943,0.5592747020951137
1979-04-01,0.11199313963604281,-0.33926514824228565,-0.11363600430312142,0.337622283575207,0.5632514275143713
1979-05-01,0.11572631156746016,-0.3355319763108683,-0.10990283237170406,0.3413554555066244,0.5669845994457886
1979-06-01,0.11920038343023029,-0.33205790444809813,-0.10642876050893393,0.34482952736939454,0.5704586713085588
1979-07-01,0.12240138896373964,-0.3288568989145888,-0.10322775497542458,0.34803053290290387,0.5736596768420681
1979-08-01,0.12531580656525043,-0.325942481313078,-0.10031333737391379,0.35094495050441465,0.5765740944435789
1979-09-01,0.12793278620203155,-0.3233255016762969,-0.09769635773713267,0.35356193014119575,0.57919107408036
1979-10-01,0.13024275027524593,-0.32101553760308255,-0.0953863936639183,0.3558718942144101,0.5815010381535743
1979-11-01,0.1322367169073377,-0.3190215709709907,-0.09339242703182651,0.35786586084650196,0.5834950047856662
1979-12-01,0.1339063709736533,-0.3173519169046751,-0.09172277296551093,0.35953551491281754,0.5851646588519818
1980-01-01,0.1352452176345293,-0.31601307024379915,-0.09038392630463493,0.3608743615736935,0.5865035055128578
1980-02-01,0.13624811670956735,-0.31501017116876107,-0.08938102722959687,0.3618772606487316,0.5875064045878958
1980-03-01,0.1369113181783644,-0.314346969699964,-0.08871782576079981,0.36254046211752866,0.5881696060566929
1980-04-01,0.13723169366600121,-0.31402659421232726,-0.08839745027316301,0.3628608376051654,0.5884899815443296
1980-05-01,0.13720772505526116,-0.3140505628230673,-0.08842141888390306,0.36283686899442535,0.5884660129335896
1980-06-01,0.13684170711019417,-0.3144165807681343,-0.08878743682897006,0.3624708510493584,0.5880999949885226
1980-07-01,0.13614016604182363,-0.3151181218365048,-0.08948897789734059,0.3617693099809879,0.5873984539201521
1980-08-01,0.13511418121916816,-0.31614410665916026,-0.09051496271999607,0.3607433251583324,0.5863724690974966
1980-09-01,0.13377649328509103,-0.31748179459323744,-0.09185265065407319,0.3594056372242552,0.5850347811634194
1980-10-01,0.13214128594087032,-0.3191170019374581,-0.0934878579982939,0.35777042988003455,0.5833995738191988
1980-11-01,0.13022392146313208,-0.32103436641519634,-0.09540522247603214,0.35585306540229633,0.5814822093414606
1980-12-01,0.12803909016904033,-0.3232191977092881,-0.09759005377012389,0.3536682341082046,0.5792973780473688
1981-01-01,0.12560052858497966,-0.3256577592933488,-0.10002861535418456,0.3512296725241439,0.5768588164633082
1981-02-01,0.12292322313943195,-0.3283350647388965,-0.10270592079973227,0.34855236707859616,0.5741815110177604
1981-03-01,0.12002441144268342,-0.33123387643564506,-0.10560473249648081,0.3456535553818476,0.5712826993210118
1981-04-01,0.11692103807931242,-0.334337249799016,-0.1087081058598518,0.34255018201847665,0.5681793259576409
1981-05-01,0.11363109129061957,-0.3376271965877089,-0.11199805264854465,0.33926023522978377,0.564889379168948
1981-06-01,0.11017278744411681,-0.34108550043421165,-0.11545635649504742,0.335801931383281,0.5614310753224453
1981-07-01,0.10656263410393037,-0.3446956537743981,-0.11906650983523386,0.3321917780430946,0.5578209219822589
1981-08-01,0.10281695660248244,-0.348441331275846,-0.12281218733668178,0.3284461005416467,0.5540752444808109
1981-09-01,0.09895409346949706,-0.3523041944088314,-0.12667505046966715,0.3245832374086613,0.5502123813478255
1981-10-01,0.0949917402971544,-0.35626654758117404,-0.13063740364200982,0.3206208842363186,0.5462500281754828
1981-11-01,0.09094482137886457,-0.3603134664994639,-0.13468432256029966,0.3165739653180288,0.5422031092571931
1981-12-01,0.08682606573473955,-0.3644322221435889,-0.13880307820442467,0.3124552096739038,0.538084353613068
1982-01-01,0.08264508696912204,-0.3686132009092064,-0.14298405697004218,0.30827423090828626,0.5339033748474504
1982-02-01,0.07840918450540013,-0.3728491033729283,-0.1472199594337641,0.30403832844456435,0.5296674723837286
1982-03-01,0.07412351416615544,-0.377134773712173,-0.1515056297730088,0.29975265810531965,0.5253818020444839
1982-04-01,0.0697895528581183,-0.38146873502021017,-0.15583959108104592,0.2954186967972825,0.5210478407364467
1982-05-01,0.0654063695529538,-0.38585191832537463,-0.1602227743862104,0.29103551349211804,0.5166646574312822
1982-06-01,0.06097206733828408,-0.39028622054004436,-0.16465707660088014,0.2866012112774483,0.5122303552166125
1982-07-01,0.05648470928827894,-0.3947735785900495,-0.16914443465088527,0.28211385322744315,0.5077429971666074
1982-08-01,0.05194534703943465,-0.3993129408388938,-0.17368379689972957,0.2775744909785989,0.5032036349177631
1982-09-01,0.047357552469219744,-0.4039007354091087,-0.17827159146994448,0.27298669640838397,0.4986158403475482
1982-10-01,0.04272792217676722,-0.4085303657015612,-0.182901221762397,0.26835706611593146,0.4939862100550957
1982-11-01,0.03806755343458263,-0.4131907344437458,-0.1875615905045816,0.26369669737374685,0.48932584131291107
1982-12-01,0.03339445491235211,-0.41786383296597635,-0.19223468902681212,0.2590235988515163,0.48465274279068055
1983-01-01,0.028732170871842887,-0.42252611700648557,-0.19689697306732135,0.2543613148110071,0.4799904587501713
1983-02-01,0.024109416120639594,-0.42714887175768884,-0.20151972781852462,0.24973856005980383,0.47536770399896805
1983-03-01,0.019556523771564936,-0.43170176410676353,-0.20607262016759928,0.24518566771072917,0.47081481164989336
1983-04-01,0.015103831487579615,-0.43615445639074885,-0.2105253124515846,0.24073297542674385,0.46636211936590805
1983-05-01,0.010780035449946953,-0.4404782524283815,-0.21484910848921726,0.23640917938911118,0.4620383233282754
1983-06-01,0.006610676365742337,-0.4446476115125861,-0.2190184675734219,0.23223982030490656,0.4578689642440708
1983-07-01,0.00261969291362076,-0.4486385949647077,-0.22300945102554345,0.228248836852785,0.4538779807919492
1983-08-01,-0.0011717558588363413,-0.4524300437371648,-0.22680089979800055,0.2244573880803279,0.4500865320194921
1983-09-01,-0.004743790946493376,-0.4560020788248218,-0.2303729348856576,0.22088535299267084,0.4465144969318351
1983-10-01,-0.008080155363385653,-0.4593384432417141,-0.23370929930254988,0.21754898857577856,0.4431781325149428
1983-11-01,-0.011168540617844452,-0.4624268284961729,-0.23679768455700867,0.21446060332131978,0.440089747260484
1983-12-01,-0.013999944265471099,-0.4652582321437995,-0.23962908820463533,0.21162919967369312,0.43725834361285737
1984-01-01,-0.016568034767551306,-0.46782632264587976,-0.24219717870671553,0.2090611091716129,0.43469025311077714
1984-02-01,-0.018869385072859637,-0.47012767295118807,-0.24449852901202385,0.2067597588663046,0.4323889028054688
1984-03-01,-0.02090217989115379,-0.47216046776948223,-0.246531323830318,0.20472696404801044,0.43035610798717466
1984-04-01,-0.022669142546566903,-0.4739274304248953,-0.24829828648573113,0.20296000139259732,0.42858914533176157
1984-05-01,-0.024178589567353907,-0.47543687744568236,-0.24980773350651814,0.2014505543718103,0.42707969831097453
1984-06-01,-0.02544449929735419,-0.47670278717568265,-0.25107364323651843,0.20018464464181004,0.42581378858097424
1984-07-01,-0.026483037233865202,-0.47774132511219364,-0.2521121811730294,0.19914610670529903,0.42477525064446325
1984-08-01,-0.027312801885479614,-0.4785710897638081,-0.25294194582464385,0.19831634205368462,0.4239454859928488
1984-09-01,-0.027952041106450613,-0.47921032898477905,-0.25358118504561483,0.1976771028327136,0.42330624677187784
1984-10-01,-0.02841725223454175,-0.47967554011287017,-0.25404639617370595,0.19721189170462247,0.4228410356437867
1984-11-01,-0.028723959021577754,-0.4799822468999062,-0.254353102960742,0.19690518491758646,0.4225343288567507
1984-12-01,-0.028887498473982913,-0.48014578635231137,-0.25451664241314714,0.1967416454651813,0.4223707894043455
1985-01-01,-0.02892271295525685,-0.4801810008335853,-0.25455185689442106,0.1967064309839074,0.4223355749230716
1985-02-01,-0.02884172829936554,-0.480100016177694,-0.25447087223852977,0.19678741563979868,0.4224165595789629
1985-03-01,-0.02865614472992182,-0.4799144326082503,-0.25428528866908606,0.1969729992092424,0.4226021431484066
1985-04-01,-0.028373660997220714,-0.47963194887554916,-0.25400280493638494,0.1972554829419435,0.42288462688110773
1985-05-01,-0.027997521421907864,-0.4792558093002363,-0.2536266653610721,0.19763162251725636,0.4232607664564206
1985-06-01,-0.027529507703126652,-0.4787877955814551,-0.2531586516422909,0.19809963623603757,0.42372878017520177
1985-07-01,-0.026971734816529182,-0.47823002269485765,-0.2526008787556934,0.19865740912263505,0.42428655306179924
1985-08-01,-0.026325901010598073,-0.4775841888889265,-0.2519550449497623,0.19930324292856616,0.4249323868677304
1985-09-01,-0.02559416486888323,-0.47685245274721166,-0.25122330880804744,0.200034979070281,0.4256641230094452
1985-10-01,-0.02477618413305231,-0.47603447201138077,-0.25040532807221655,0.20085295980611192,0.4264821037452761
1985-11-01,-0.02387074720509368,-0.47512903508342214,-0.2494998911442579,0.20175839673407053,0.42738754067323476
1985-12-01,-0.02287678038004125,-0.4741350682583697,-0.24850592431920548,0.20275236355912296,0.4283815074982872
1986-01-01,-0.021794329903375084,-0.47305261778170354,-0.24742347384253932,0.20383481403578912,0.42946395797495335
1986-02-01,-0.02062396847766873,-0.4718822563559972,-0.24625311241683295,0.2050051754614955,0.4306343194006597
1986-03-01,-0.019366464890637262,-0.4706247527689657,-0.24499560882980148,0.20626267904852696,0.4318918229876912
1986-04-01,-0.01802273729126932,-0.46928102516959774,-0.24365188123043355,0.2076064066478949,0.43323555058705915
1986-05-01,-0.016590664951706163,-0.4678489528300346,-0.2422198088908704,0.20903847898745806,0.4346676229266223
1986-06-01,-0.015064058976112158,-0.46632234685444063,-0.24069320291527638,0.21056508496305207,0.43619422890221626
1986-07-01,-0.013433927092407958,-0.46469221497073643,-0.23906307103157218,0.21219521684675627,0.43782436078592046
1986-08-01,-0.011691770603602302,-0.46295005848193077,-0.23732091454276652,0.21393737333556193,0.4395665172747261
1986-09-01,-0.009828658170675677,-0.46108694604900413,-0.2354578021098399,0.21580048576848854,0.44142962970765276
1986-10-01,-0.007833118646934221,-0.45909140652526265,-0.23346226258609845,0.21779602529223,0.44342516923139425
1986-11-01,-0.005691339085012945,-0.4569496269633414,-0.23132048302417718,0.21993780485415126,0.4455669487933155
1986-12-01,-0.003391111846409749,-0.45464939972473817,-0.22902025578557397,0.22223803209275447,0.4478671760319187
1987-01-01,-0.0009231563163599112,-0.45218144419468836,-0.22655230025552414,0.2247059876228043,0.4503351315619685
1987-02-01,0.001720437632568383,-0.44953785024576004,-0.22390870630659584,0.2273495815717326,0.45297872551089685
1987-03-01,0.004542544628865673,-0.4467157432494628,-0.22108659931029856,0.2301716885680299,0.4558008325071941
1987-04-01,0.007541126190947314,-0.4437171616873811,-0.2180880177482169,0.23317027013011155,0.45879941406927577
1987-05-01,0.010712437774877999,-0.44054585010345043,-0.21491670616428624,0.2363415817140422,0.46197072565320646
1987-06-01,0.014050818830793978,-0.4372074690475345,-0.21157832510837024,0.2396799627699582,0.4653091067091224
1987-07-01,0.017549779858896986,-0.43370850801943145,-0.20807936408026723,0.24317892379806122,0.46880806773722544
1987-08-01,0.02120201739265683,-0.43005627048567163,-0.20442712654650738,0.24683116133182106,0.47246030527098526
1987-09-01,0.02499554259709168,-0.42626274528123675,-0.20063360134207253,0.2506246865362559,0.47625383047542014
1987-10-01,0.028913960304846123,-0.42234432757348234,-0.1967151836343181,0.25454310424401033,0.48017224818317455
1987-11-01,0.03293595800972357,-0.41832232986860485,-0.19269318592944065,0.2585651019488878,0.48419424588805204
1987-12-01,0.037034458943714994,-0.41422382893461346,-0.18859468499544924,0.2626636028828792,0.48829274682204343
1988-01-01,0.04117803214761323,-0.4100802557307152,-0.184451111791551,0.26680717608677745,0.4924363200259417
1988-02-01,0.045332866178319324,-0.4059254217000091,-0.1802962777608449,0.27096201011748355,0.4965911540566478
1988-03-01,0.04946410577131152,-0.4017941821070169,-0.1761650381678527,0.2750932497104758,0.50072239364964
1988-04-01,0.05353716122835477,-0.39772112664997367,-0.17209198271080944,0.279166305167519,0.5047954491066832
1988-05-01,0.05752105247562414,-0.39373723540270433,-0.16810809146354008,0.28315019641478834,0.5087793403539526
1988-06-01,0.061388661482899745,-0.3898696263954287,-0.1642404824562645,0.28701780542206395,0.5126469493612282
1988-07-01,0.06511658732165566,-0.3861417005566728,-0.16051255661750857,0.2907457312608199,0.5163748751999842
1988-08-01,0.06868472383678637,-0.3825735640415421,-0.15694442010237786,0.2943138677759506,0.5199430117151148
1988-09-01,0.07207572492161891,-0.37918256295670955,-0.15355341901754532,0.2977048688607831,0.5233340127999474
1988-10-01,0.07527796317217919,-0.3759803247061493,-0.15035118076698503,0.3009071071113434,0.5265362510505076
1988-11-01,0.07828413190379514,-0.3729741559745333,-0.1473450120353691,0.30391327584295935,0.5295424197821236
1988-12-01,0.08108959704702946,-0.370168690831299,-0.14453954689213477,0.30671874098619367,0.5323478849253579
1989-01-01,0.08369211609189808,-0.36756617178643036,-0.14193702784726614,0.3093212600310623,0.5349504039702265
1989-02-01,0.08609199681917983,-0.3651662910591486,-0.13953714711998438,0.31172114075834406,0.5373502846975082
1989-03-01,0.08829213428071352,-0.3629661535976149,-0.1373370096584507,0.31392127821987775,0.5395504221590419
1989-04-01,0.09029711850247771,-0.36096116937585077,-0.13533202543668651,0.3159262624416419,0.5415554063808061
1989-05-01,0.09211452378781504,-0.3591437640905134,-0.13351462015134918,0.31774366772697926,0.5433728116661435
1989-06-01,0.09375103316118684,-0.3575072547171416,-0.1318781107779774,0.31938017710035105,0.5450093210395153
1989-07-01,0.09521116449255361,-0.3560471233857748,-0.1304179794466106,0.32084030843171785,0.5464694523708821
1989-08-01,0.0964970390937931,-0.35476124878453535,-0.12913210484537113,0.3221261830329573,0.5477553269721216
1989-09-01,0.09760846119331772,-0.3536498266850107,-0.1280206827458465,0.32323760513248195,0.5488667490716461
1989-10-01,0.09854433408290288,-0.3527139537954256,-0.12708480985626136,0.3241734780220671,0.5498026219612313
1989-11-01,0.09930422709757723,-0.3519540607807512,-0.12632491684158698,0.32493337103674147,0.5505625149759057
1989-12-01,0.09988964878154803,-0.3513686390967804,-0.12573949515761618,0.32551879272071227,0.5511479366598765
1990-01-01,0.10030278727894805,-0.3509555005993804,-0.1253263566602162,0.32593193121811226,0.5515610751572765
1990-02-01,0.1005488972681575,-0.3507093906101709,-0.12508024667100673,0.32617804120732174,0.551807185146486
1990-03-01,0.10063384373174909,-0.35062444414657934,-0.12499530020741513,0.32626298767091333,0.5518921316100776
1990-04-01,0.10056467215382503,-0.3506936157245034,-0.1250644717853392,0.32619381609298925,0.5518229600321535
1990-05-01,0.1003513504402545,-0.35090693743807394,-0.12527779349890972,0.32598049437941873,0.5516096383185829
1990-06-01,0.1000055118214589,-0.35125277605686955,-0.12562363211770533,0.3256346557606231,0.5512637996997873
1990-07-01,0.09953809466507114,-0.3517201932132573,-0.1260910492740931,0.32516723860423535,0.5507963825433996
1990-08-01,0.09896118019810025,-0.3522971076802282,-0.12666796374106398,0.32459032413726446,0.5502194680764287
1990-09-01,0.09829131151155382,-0.35296697636677465,-0.1273378324276104,0.323920455450718,0.5495495993898822
1990-10-01,0.09754603693002703,-0.3537122509483014,-0.1280831070091372,0.3231751808691913,0.5488043248083555
1990-11-01,0.09674767699633205,-0.3545106108819964,-0.12888146694283217,0.32237682093549624,0.5480059648746605
1990-12-01,0.0959226532895617,-0.3553356345887667,-0.12970649064960252,0.32155179722872596,0.5471809411678902
1991-01-01,0.09510061722678731,-0.35615767065154114,-0.1305285267123769,0.32072976116595153,0.5463589051051158
1991-02-01,0.09431250193105375,-0.35694578594727466,-0.13131664200811047,0.319941645870218,0.5455707898093822
1991-03-01,0.09358871876099144,-0.357669569117337,-0.13204042517817277,0.3192178627001557,0.5448470066393198
1991-04-01,0.09295953111698628,-0.35829875676134215,-0.13266961282217793,0.3185886750561505,0.5442178189953147
1991-05-01,0.0924542062840445,-0.35880408159428395,-0.13317493765511973,0.3180833502232087,0.543712494162373
1991-06-01,0.09209693154667375,-0.3591613563316547,-0.13353221239249047,0.317726075485838,0.5433552194250022
1991-07-01,0.09190636899960146,-0.359351918878727,-0.13372277493956275,0.3175355129387657,0.5431646568779299
1991-08-01,0.09189603135756054,-0.3593622565207679,-0.1337331125816037,0.31752517529672475,0.543154319235889
1991-09-01,0.09207443527495084,-0.3591838526033776,-0.13355470866421337,0.3177035792141151,0.5433327231532793
1991-10-01,0.09244358764844854,-0.35881470022987993,-0.13318555629071568,0.31807273158761273,0.543701875526777
1991-11-01,0.09300200856311,-0.3582562793152184,-0.13262713537605422,0.31863115250227425,0.5442602964414385
1991-12-01,0.09374353403077158,-0.3575147538475569,-0.13188560990839265,0.3193726779699358,0.5450018219091001
1992-01-01,0.09465559221533132,-0.3566026956629971,-0.1309735517238329,0.32028473615449554,0.5459138800936598
1992-02-01,0.09571966344050256,-0.3555386244378259,-0.12990948049866166,0.32134880737966676,0.546977951318831
1992-03-01,0.0969122201824648,-0.35434606769586363,-0.1287169237566994,0.32254136412162904,0.5481705080607933
1992-04-01,0.09820577422795325,-0.3530525136503752,-0.127423369711211,0.32383491816711746,0.5494640621062817
1992-05-01,0.09957079777166071,-0.3516874901066677,-0.1260583461675035,0.32519994171082495,0.5508290856499891
1992-06-01,0.10097678968397002,-0.35028149819435844,-0.1246523542551942,0.3266059336231342,0.5522350775622985
1992-07-01,0.10239235598264951,-0.34886593189567894,-0.12323678795651472,0.32802149992181373,0.553650643860978
1992-08-01,0.10378978507116479,-0.3474685028071637,-0.12183935886799943,0.329418929010329,0.5550480729494932
1992-09-01,0.10514377331281147,-0.346114514565517,-0.12048537062635276,0.33077291725197566,0.5564020611911399
1992-10-01,0.10643164157208938,-0.34482664630623905,-0.11919750236707484,0.3320607855112536,0.5576899294504178
1992-11-01,0.10763548698393924,-0.34362280089438924,-0.11799365695522498,0.33326463092310343,0.5588937748622677
1992-12-01,0.10874186928622902,-0.3425164185920994,-0.1168872746529352,0.33437101322539325,0.5600001571645574
1993-01-01,0.10974237129293725,-0.3415159165853912,-0.11588677264622697,0.33537151523210146,0.5610006591712657
1993-02-01,0.11063485387142173,-0.3406234340069067,-0.11499429006774249,0.33626399781058597,0.5618931417497501
1993-03-01,0.11142281195747107,-0.3398354759208574,-0.11420633198169315,0.3370519558966353,0.5626810998357995
1993-04-01,0.11211466629235813,-0.33914362158597033,-0.1135144776468061,0.33774381023152233,0.5633729541706866
1993-05-01,0.11272088423171701,-0.33853740364661145,-0.11290825970744721,0.3383500281708812,0.5639791721100454
1993-06-01,0.11325373349682652,-0.3380045543815019,-0.1123754104423377,0.33888287743599077,0.564512021375155
1993-07-01,0.11372805360590986,-0.33753023427241857,-0.11190109033325436,0.3393571975450741,0.5649863414842383
1993-08-01,0.11416294107863921,-0.3370953467996892,-0.11146620286052501,0.33979208501780345,0.5654212289569677
1993-09-01,0.11458028410940786,-0.3366780037689206,-0.11104885982975636,0.34020942804857207,0.5658385719877363
1993-10-01,0.11500343093008317,-0.3362548569482453,-0.11062571300908106,0.34063257486924736,0.5662617188084116
1993-11-01,0.1154570763133676,-0.33580121156496084,-0.11017206762579662,0.3410862202525318,0.566715364191696
1993-12-01,0.11596458386224656,-0.3352937040160819,-0.10966456007691766,0.3415937278014108,0.567222871740575
1994-01-01,0.11654966223879391,-0.3347086256395345,-0.10907948170037031,0.34217880617795815,0.5678079501171224
1994-02-01,0.11723436716048855,-0.33402392071783993,-0.10839477677867568,0.34286351109965274,0.568492655038817
1994-03-01,0.11803658178351378,-0.33322170609481466,-0.10759256215565044,0.343665725722678,0.5692948696618423
1994-04-01,0.11897072167245488,-0.3322875662058736,-0.10665842226670934,0.3445998656116191,0.5702290095507834
1994-05-01,0.12004810966819293,-0.33121017821013554,-0.10558103427097129,0.3456772536073571,0.5713063975465213
1994-06-01,0.12127525678522753,-0.3299830310931009,-0.10435388715393669,0.34690440072439177,0.572533544663556
1994-07-01,0.12265093575532805,-0.3286073521230004,-0.10297820818383617,0.34828007969449226,0.5739092236336565
1994-08-01,0.1241668612420074,-0.32709142663632107,-0.10146228269715682,0.3497960051811716,0.5754251491203358
1994-09-01,0.12580709560452627,-0.32545119227380215,-0.09982204833463795,0.3514362395436905,0.5770653834828547
1994-10-01,0.12755314419909036,-0.3237051436792381,-0.09807599974007386,0.3531822881382546,0.5788114320774188
1994-11-01,0.12938531129557168,-0.32187297658275676,-0.09624383264359254,0.3550144552347359,0.5806435991739001
1994-12-01,0.13128213626196703,-0.3199761516163614,-0.0943470076771972,0.3569112802011313,0.5825404241402955
1995-01-01,0.13322057172040414,-0.3180377161579243,-0.09240857221876009,0.35884971565956836,0.5844788595987326
1995-02-01,0.1351746817976553,-0.31608360608067315,-0.09045446214150893,0.3608038257368195,0.5864329696759838
1995-03-01,0.13711504066572427,-0.31414324721260417,-0.08851410327343995,0.3627441846048885,0.5883733285440527
1995-04-01,0.1390121292983029,-0.3122461585800256,-0.08661701464086133,0.3646412732374671,0.5902704171766313
1995-05-01,0.14084007162075873,-0.3104182162575697,-0.08478907231840549,0.36646921555992296,0.5920983594990872
1995-06-01,0.14257637088487637,-0.30868191699345204,-0.08305277305428785,0.3682055148240406,0.5938346587632048
1995-07-01,0.14419858849300707,-0.3070596993853214,-0.08143055544615715,0.36982773243217126,0.5954568763713355
1995-08-01,0.14568326361159994,-0.3055750242667285,-0.07994588032756428,0.37131240755076417,0.5969415514899283
1995-09-01,0.14700610514398618,-0.3042521827343423,-0.07862303879517804,0.3726352490831504,0.5982643930223146
1995-10-01,0.14814177000980366,-0.3031165178685248,-0.07748737392936056,0.3737709139489679,0.5994000578881321
1995-11-01,0.14906575252063656,-0.30219253535769186,-0.07656339141852767,0.3746948964598008,0.600324040398965
1995-12-01,0.1497586907042358,-0.30149959717409264,-0.07587045323492841,0.37538783464340003,0.6010169785825643
1996-01-01,0.1502070612622986,-0.30105122661602984,-0.07542208267686562,0.3758362052014628,0.601465349140627
1996-02-01,0.15040256322163964,-0.3008557246566888,-0.07522658071752458,0.37603170716080386,0.6016608510999681
1996-03-01,0.1503424856389739,-0.30091580223935455,-0.07528665830019032,0.3759716295781381,0.6016007735173023
1996-04-01,0.15003552411789245,-0.301222763760436,-0.07559361982127177,0.37566466805705667,0.6012938119962209
1996-05-01,0.1494965367691053,-0.30176175110922315,-0.07613260717005893,0.3751256807082695,0.6007548246474337
1996-06-01,0.14874024887088655,-0.3025180390074419,-0.07688889506827767,0.37436939281005077,0.599998536749215
1996-07-01,0.1477799628438341,-0.30347832503449435,-0.07784918109533012,0.3734091067829983,0.5990382507221625
1996-08-01,0.14662819230446636,-0.3046300955738621,-0.07900095163469786,0.37225733624363055,0.5978864801827948
1996-09-01,0.14529676383357246,-0.30596152404475596,-0.08033238010559177,0.3709259077727367,0.5965550517119009
1996-10-01,0.14379456840204702,-0.3074637194762814,-0.0818345755371172,0.36942371234121124,0.5950528562803754
1996-11-01,0.1421289154247579,-0.30912937245357053,-0.08350022851440633,0.36775805936392214,0.5933872033030864
1996-12-01,0.14030794175450637,-0.3109503461238221,-0.08532120218465786,0.36593708569367056,0.5915662296328348
1997-01-01,0.1383454746841293,-0.31291281319419917,-0.08728366925503492,0.3639746186232935,0.5896037625624577
1997-02-01,0.13625972137566467,-0.3149985665026638,-0.08936942256349956,0.3618888653148289,0.5875180092539931
1997-03-01,0.13407558789021476,-0.31718269998811366,-0.09155355604894946,0.359704731829379,0.5853338757685432
1997-04-01,0.13182333791741532,-0.31943494996091315,-0.0938058060217489,0.3574524818565795,0.5830816257957437
1997-05-01,0.12953783016369858,-0.32172045771462987,-0.09609131377546565,0.3551669741028628,0.580796118042027
1997-06-01,0.12725280675871692,-0.3240054811196115,-0.0983763371804473,0.35288195069788114,0.5785110946370453
1997-07-01,0.12499760945520719,-0.32626067842312123,-0.10063153448395704,0.35062675339437144,0.5762558973335357
1997-08-01,0.12279839140088339,-0.32845989647744506,-0.10283075253828083,0.3484275353400476,0.5740566792792119
1997-09-01,0.12067655330711402,-0.3305817345712144,-0.1049525906320502,0.34630569724627824,0.5719348411854425
1997-10-01,0.11865062572486514,-0.3326076621534633,-0.10697851821429909,0.34427976966402934,0.5699089136031936
1997-11-01,0.11673801438212496,-0.3345202734962035,-0.10889112955703927,0.34236715832128917,0.5679963022604534
1997-12-01,0.11495447666489239,-0.33630381121343605,-0.11067466727427183,0.3405836206040566,0.5662127645432209
1998-01-01,0.11331201989206617,-0.33794626798626226,-0.11231712404709805,0.3389411638312304,0.5645703077703946
1998-02-01,0.11181680065112934,-0.33944148722719913,-0.11381234328803488,0.33744594459029353,0.5630750885294578
1998-03-01,0.11046953258927372,-0.3407887552890547,-0.1151596113498905,0.33609867652843795,0.5617278204676022
1998-04-01,0.10926832238280464,-0.3419899654955238,-0.11636082155635959,0.3348974663219689,0.560526610261133
1998-05-01,0.10821268139060429,-0.34304560648772414,-0.11741646254855993,0.3338418253297685,0.5594709692689327
1998-06-01,0.10730356486360641,-0.343954723014722,-0.11832557907555781,0.33293270880277065,0.5585618527419348
1998-07-01,0.1065420155907453,-0.34471627228758317,-0.11908712834841892,0.3321711595299095,0.5578003034690737
1998-08-01,0.10592740401471756,-0.3453308838636109,-0.11970173992444666,0.3315565479538818,0.557185691893046
1998-09-01,0.1054584045581746,-0.3457998833201539,-0.12017073938098963,0.3310875484973388,0.556716692436503
1998-10-01,0.10513097705646038,-0.3461273108218681,-0.12049816688270384,0.3307601209956246,0.5563892649347888
1998-11-01,0.10494080061293054,-0.3463174872653979,-0.12068834332623368,0.33056994455209476,0.556199088491259
1998-12-01,0.10488297043049188,-0.34637531744783656,-0.12074617350867234,0.3305121143696561,0.5561412583088203
1999-01-01,0.1049526338109317,-0.3463056540673968,-0.12067651012823252,0.3305817777500959,0.5562109216892601
1999-02-01,0.10514489599491714,-0.3461133918834113,-0.12048424794424709,0.3307740399340814,0.5564031838732456
1999-03-01,0.10545461980211687,-0.34580366807621155,-0.12017452413704735,0.3310837637412811,0.5567129076804453
1999-04-01,0.10587669351624203,-0.34538159436208643,-0.1197524504229222,0.33150583745540624,0.5571349813945705
1999-05-01,0.10641015342595728,-0.34484813445237117,-0.11921899051320695,0.3320392973651215,0.5576684413042857
1999-06-01,0.10705596516836852,-0.34420232270995993,-0.1185731787707957,0.33268510910753274,0.5583142530466969
1999-07-01,0.1078142039640634,-0.34344408391426506,-0.11781493997510083,0.3334433479032276,0.5590724918423918
1999-08-01,0.1086839093056757,-0.3425743785726527,-0.11694523463348852,0.33431305324483995,0.5599421971840042
1999-09-01,0.10966091510438612,-0.3415973727739423,-0.1159682288347781,0.33529005904355036,0.5609192029827146
1999-10-01,0.11073943174734867,-0.34051885613097976,-0.11488971219181555,0.3363685756865129,0.5619977196256771
1999-11-01,0.11191231450712755,-0.33934597337120087,-0.11371682943203668,0.3375414584462918,0.563170602385456
1999-12-01,0.113171872610117,-0.3380864152682114,-0.11245727132904722,0.33880101654928124,0.5644301604884454
2000-01-01,0.11451154514071206,-0.3367467427376164,-0.11111759879845216,0.34014068907987627,0.5657698330190405
2000-02-01,0.11592555023225301,-0.3353327376460754,-0.10970359370691121,0.34155469417141726,0.5671838381105815
2000-03-01,0.11741204926635784,-0.3338462386119706,-0.10821709467280638,0.34304119320552207,0.5686703371446863
2000-04-01,0.11897258449828972,-0.3322857033800387,-0.1066565594408745,0.34460172843745396,0.5702308723766182
2000-05-01,0.12061297730610418,-0.33064531057222424,-0.10501616663306004,0.34624212124526843,0.5718712651844327
2000-06-01,0.12234373261874017,-0.3289145552595883,-0.10328541132042406,0.3479728765579044,0.5736020204970687
2000-07-01,0.1241816808488828,-0.32707660702944563,-0.10144746309028142,0.34981082478804704,0.5754399687272113
2000-08-01,0.1261506675487182,-0.32510762032961027,-0.09947847639044602,0.3517798114878824,0.5774089554270466
2000-09-01,0.12827971267359062,-0.32297857520473783,-0.0973494312655736,0.35390885661275484,0.5795380005519191
2000-10-01,0.13060351466834694,-0.3206547732099815,-0.09502562927081729,0.3562326586075112,0.5818618025466754
2000-11-01,0.13316317428532723,-0.31809511359300124,-0.092465969653837,0.3587923182244914,0.5844214621636556
2000-12-01,0.13600078664161888,-0.3152575012367096,-0.08962835729754534,0.3616299305807831,0.5872590745199473
2001-01-01,0.13915563106774323,-0.31210265681058524,-0.086473512871421,0.3647847750069074,0.5904139189460716
2001-02-01,0.1426649925410709,-0.30859329533725754,-0.08296415139809332,0.3682941364802351,0.5939232804193993
2001-03-01,0.14656274412264045,-0.30469554375568797,-0.07906639981652377,0.3721918880618047,0.5978210320009689
2001-04-01,0.1508775673027868,-0.30038072057554166,-0.07475157663637741,0.376506711241951,0.6021358551811152
2001-05-01,0.15563312368084817,-0.2956251641974803,-0.06999602025831606,0.38126226762001236,0.6068914115591766
2001-06-01,0.16084391943499105,-0.2904143684433374,-0.06478522450417318,0.38647306337415527,0.6121022073133195
2001-07-01,0.16651369660015095,-0.28474459127817753,-0.05911544733901328,0.39214284053931514,0.6177719844784794
2001-08-01,0.17263806582716007,-0.2786202220511684,-0.05299107811200415,0.3982672097663243,0.6238963537054885
2001-09-01,0.1792027094076833,-0.27205557847064515,-0.04642643453148093,0.4048318533468475,0.6304609972860118
2001-10-01,0.1861828806606937,-0.2650754072176348,-0.039446263278470534,0.4118120245998579,0.6374411685390221
2001-11-01,0.1935444373732278,-0.25771385050510065,-0.03208470656593643,0.419173581312392,0.6448027252515562
2001-12-01,0.20124616564427214,-0.25001212223405633,-0.024382978294892083,0.42687530958343634,0.6525044535226006
2002-01-01,0.20924181746140963,-0.24201647041691882,-0.016387326477754594,0.43487096140057385,0.6605001053397381
2002-02-01,0.21748518941313735,-0.2337730984651911,-0.00814395452602687,0.44311433335230155,0.6687434772914658
2002-03-01,0.22593162696975574,-0.2253266609085727,0.0003024830305915216,0.45156077090892,0.6771899148480842
2002-04-01,0.23453606767328497,-0.21672222020504348,0.008906923734120747,0.46016521161244917,0.6857943555516134
2002-05-01,0.2432544931188892,-0.20800379475943925,0.01762534917972497,0.4688836370580534,0.6945127809972176
2002-06-01,0.2520478622918174,-0.19921042558651103,0.026418718352653192,0.47767700623098164,0.7033061501701459
2002-07-01,0.2608838469779174,-0.19037444090041106,0.035254703038753166,0.4865129909170816,0.7121421348562458
2002-08-01,0.26973078134432005,-0.1815275065340084,0.044101637405155825,0.49535992528348427,0.7209890692226485
2002-09-01,0.2785545497955539,-0.17270373808277456,0.05292540585638966,0.5041836937347182,0.7298128376738824
2002-10-01,0.28732162492095287,-0.16393666295737558,0.061692480981788644,0.5129507688601171,0.7385799127992814
2002-11-01,0.2959977071902021,-0.15526058068812637,0.07036856325103785,0.5216268511293662,0.7472559950685305
2002-12-01,0.30455010015609685,-0.1467081877222316,0.07892095621693263,0.5301792440952611,0.7558083880344253
2003-01-01,0.31294914732510587,-0.13830914055322258,0.08732000338594165,0.53857829126427,0.7642074352034343
2003-02-01,0.32116700596905573,-0.13009128190927272,0.09553786202989151,0.5467961499082199,0.7724252938473841
2003-03-01,0.3291757136045123,-0.12208257427381614,0.10354656966534809,0.5548048575436766,0.7804340014828408
2003-04-01,0.3369502004590746,-0.11430808741925386,0.11132105651991037,0.5625793443982388,0.788208488337403
2003-05-01,0.3444709917256223,-0.10678729615270616,0.11884184778645807,0.5701001356647866,0.7957292796039508
2003-06-01,0.35172098647422245,-0.099537301404106,0.12609184253505823,0.5773501304133867,0.8029792743525509
2003-07-01,0.35868671724418955,-0.0925715706341389,0.13305757330502532,0.5843158611833538,0.809945005122518
2003-08-01,0.3653598431094694,-0.08589844476885905,0.13973069917030517,0.5909889870486336,0.8166181309877978
2003-09-01,0.37173865173570975,-0.0795196361426187,0.14610950779654552,0.597367795674874,0.8229969396140382
2003-10-01,0.37782632733583216,-0.07343196054249629,0.15219718339666793,0.6034554712749964,0.8290846152141607
2003-11-01,0.38363145679994864,-0.0676268310783798,0.15800231286078442,0.6092606007391128,0.834889744678277
2003-12-01,0.3891649514663116,-0.062093336412016864,0.16353580752714736,0.6147940954054758,0.84042323934464
2004-01-01,0.3944405640543546,-0.05681772382397382,0.1688114201151904,0.6200697079935189,0.8456988519326831
2004-02-01,0.39947396101044375,-0.0517843268678847,0.17384481707127952,0.625103104949608,0.8507322488887722
2004-03-01,0.404280610251839,-0.04697767762648947,0.17865146631267476,0.6299097541910033,0.8555388981301675
2004-04-01,0.40887598906595535,-0.0423822988123731,0.18324684512679112,0.6345051330051196,0.8601342769442838
2004-05-01,0.413273270892028,-0.03798501698630047,0.18764412695286375,0.6389024148311921,0.8645315587703564
2004-06-01,0.417480991815686,-0.03377729606264246,0.19185184787652176,0.6431101357548502,0.8687392796940144
2004-07-01,0.4215047902115999,-0.029753497666728523,0.1958756462724357,0.6471339341507641,0.8727630780899284
2004-08-01,0.4253469122041195,-0.025911375674208925,0.1997177682649553,0.6509760561432838,0.876605200082448
2004-09-01,0.42900640592222883,-0.022251881956099617,0.2033772619830646,0.654635549861393,0.8802646938005573
2004-10-01,0.4324800383329148,-0.018778249545413628,0.2068508943937506,0.658109182272079,0.8837383262112433
2004-11-01,0.435766180040245,-0.015492107838083469,0.21013703610108075,0.6613953239794093,0.8870244679185735
2004-12-01,0.43886666470644664,-0.012391623171881805,0.21323752076728242,0.6644958086456109,0.8901249525847751
2005-01-01,0.44178854730489997,-0.009469740573428476,0.21615940336573575,0.6674176912440641,0.8930468351832284
2005-02-01,0.4445432176444151,-0.006715070233913323,0.2189140737052509,0.6701723615835793,0.8958015055227435
2005-03-01,0.447144691516789,-0.004113596361539462,0.22151554757762476,0.6727738354559532,0.8984029793951174
2005-04-01,0.44960785217870497,-0.001650435699623476,0.22397870823954075,0.6752369961178692,0.9008661400570335
2005-05-01,0.45194751140476846,0.0006892235264400193,0.22631836746560424,0.6775766553439326,0.9032057992830969
2005-06-01,0.45417587277396226,0.002917584895633818,0.22854672883479804,0.6798050167131264,0.9054341606522907
2005-07-01,0.45630352791538537,0.0050452400370569195,0.23067438397622114,0.6819326718545495,0.9075618157937138
2005-08-01,0.45834016746233425,0.007081879584005801,0.23271102352317002,0.6839693114014984,0.9095984553406626
2005-09-01,0.4602961794963288,0.009037891618000338,0.23466703555716456,0.685925323435493,0.9115544673746572
2005-10-01,0.4621872508978483,0.010928963019519844,0.23655810695868407,0.6878163948370125,0.9134455387761767
2005-11-01,0.4640299759538227,0.01277168807549428,0.2384008320146585,0.6896591198929869,0.9152882638321511
2005-12-01,0.4658388765121586,0.01458058863383016,0.24020973257299438,0.6914680204513228,0.917097164390487
2006-01-01,0.4676262007897981,0.016367912911469662,0.24199705685063388,0.6932553447289623,0.9188844886681266
2006-02-01,0.4694033599826181,0.018145072104289672,0.2437742160434539,0.6950325039217824,0.9206616478609466
2006-03-01,0.47118263566156154,0.0199243477832331,0.24555349172239732,0.6968117796007258,0.92244092353989
2006-04-01,0.4729743955298562,0.02171610765152776,0.24734525159069198,0.6986035394690204,0.9242326834081847
2006-05-01,0.4747837064115985,0.02352541853327006,0.24915456247243428,0.7004128503507627,0.926041994289927
2006-06-01,0.4766073679794929,0.025349080101164434,0.25097822404032866,0.7022365119186571,0.9278656558578213
2006-07-01,0.4784366148754719,0.027178326997143454,0.2528074709363077,0.7040657588146362,0.9296949027538004
2006-08-01,0.48025842724926904,0.029000139370940592,0.2546292833101048,0.7058875711884333,0.9315167151275975
2006-09-01,0.4820592281391263,0.030800940260797827,0.25643008419996205,0.7076883720782905,0.9333175160174547
2006-10-01,0.4838283627360859,0.03257007485775748,0.2581992187969217,0.7094575066752502,0.9350866506144144
2006-11-01,0.4855603810670688,0.034302093188740335,0.25993123712790456,0.711189525006233,0.9368186689453972
2006-12-01,0.48725084606102376,0.03599255818269531,0.26162170212185953,0.712879990000188,0.9385091339393522
2007-01-01,0.48889677688094857,0.037638489002620124,0.26326763294178435,0.7145259208201128,0.940155064759277
2007-02-01,0.49049707320601077,0.039238785327682324,0.26486792926684655,0.716126217145175,0.9417553610843392
2007-03-01,0.4920521420072678,0.04079385412893938,0.2664229980681036,0.7176812859464321,0.9433104298855963
2007-04-01,0.4935637320667764,0.04230544418844795,0.26793458812761217,0.7191928760059406,0.9448220199451048
2007-05-01,0.49503464127478136,0.043776353396452916,0.26940549733561714,0.7206637852139456,0.9462929291531098
2007-06-01,0.49646533318545144,0.045207045307122995,0.2708361892462872,0.7220944771246156,0.9477236210637798
2007-07-01,0.4978539546419709,0.04659566676364246,0.2722248107028067,0.7234830985811351,0.9491122425202994
2007-08-01,0.4991964909375776,0.047938203059249174,0.2735673469984134,0.7248256348767419,0.9504547788159061
2007-09-01,0.5004867116290429,0.049228423750714456,0.2748575676898787,0.7261158555682071,0.9517449995073713
2007-10-01,0.5017171343830977,0.050458846504769284,0.2760879904439335,0.727346278322262,0.9529754222614262
2007-11-01,0.5028848047067072,0.05162651682837871,0.27725566076754293,0.7285139486458714,0.9541430925850356
2007-12-01,0.5039910636434628,0.052732775765134354,0.2783619197042986,0.729620207582627,0.9552493515217912
2008-01-01,0.5050398929315074,0.05378160505317897,0.2794107489923432,0.7306690368706716,0.9562981808098359
2008-02-01,0.5060360959197328,0.05477780804140431,0.28040695198056853,0.731665239858897,0.9572943837980612
2008-03-01,0.506990645387743,0.05573235750941452,0.28136150144857874,0.7326197893269072,0.9582489332660714
2008-04-01,0.5079208905823063,0.05666260270397783,0.28229174664314205,0.7335500345214705,0.9591791784606347
2008-05-01,0.5088457358290331,0.057587447950704695,0.2832165918898689,0.7344748797681974,0.9601040237073616
2008-06-01,0.5097802013581537,0.05852191347982527,0.2841510574189895,0.7354093452973179,0.9610384892364822
2008-07-01,0.5107347909484167,0.05947650307008823,0.28510564700925245,0.7363639348875809,0.9619930788267451
2008-08-01,0.5117170449023144,0.060458757023985954,0.2860879009631502,0.7373461888414786,0.9629753327806428
2008-09-01,0.512735978161368,0.06147769028303951,0.28710683422220373,0.7383651221005322,0.9639942660396964
2008-10-01,0.5137980277503865,0.06253973987205808,0.2881688838112223,0.7394271716895507,0.965056315628715
2008-11-01,0.5149066766872809,0.0636483888089524,0.28927753274811663,0.7405358206264451,0.9661649645656093
2008-12-01,0.5160637509570015,0.06480546307867308,0.2904346070178373,0.7416928948961657,0.96732203883533
2009-01-01,0.5172729425848897,0.0660146547065612,0.2916437986457254,0.7429020865240539,0.9685312304632181
2009-02-01,0.5185382403120912,0.06727995243376272,0.29290909637292695,0.7441673842512554,0.9697965281904196
2009-03-01,0.5198630779485849,0.06860479007025644,0.29423393400942066,0.7454922218877491,0.9711213658269133
2009-04-01,0.5212528063688898,0.06999451849056137,0.2956236624297256,0.746881950308054,0.9725110942472183
2009-05-01,0.5227129719092416,0.07145468403091315,0.2970838279700774,0.7483421158484058,0.97397125978757
2009-06-01,0.5242432504377821,0.07298496255945364,0.29861410649861786,0.7498723943769463,0.9755015383161105
2009-07-01,0.5258382610123774,0.07457997313404896,0.3002091170732132,0.7514674049515416,0.9770965488907059
2009-08-01,0.5274893191911915,0.07623103131286302,0.30186017525202724,0.7531184631303557,0.9787476070695199
2009-09-01,0.5291870476440433,0.0779287597657149,0.3035579037048791,0.7548161915832076,0.9804453355223718
2009-10-01,0.5309235765092124,0.07966528863088396,0.3052944325700482,0.7565527204483766,0.9821818643875408
2009-11-01,0.53269368283105,0.08143539495272156,0.3070645388918858,0.7583228267702142,0.9839519707093785
2009-12-01,0.5344924132723151,0.08323412539398667,0.3088632693331509,0.7601215572114793,0.9857507011506436
2010-01-01,0.5363130689906837,0.0850547811123552,0.3106839250515194,0.7619422129298479,0.9875713568690121
2010-02-01,0.5381471952958253,0.08688890741749689,0.3125180513566611,0.7637763392349896,0.9894054831741538
2010-03-01,0.5399876230861362,0.08872933520780779,0.314358479146972,0.7656167670253005,0.9912459109644647
2010-04-01,0.5418315941997371,0.0905733063214087,0.3162024502605729,0.7674607381389014,0.9930898820780656
2010-05-01,0.5436782919134098,0.09242000403508133,0.31804914797424555,0.769307435852574,0.9949365797917382
2010-06-01,0.5455246545109884,0.09426636663265997,0.3198955105718242,0.7711537984501526,0.9967829423893169
2010-07-01,0.5473658392139584,0.09610755133562998,0.3217366952747942,0.7729949831531227,0.9986241270922869
2010-08-01,0.5491976311163782,0.09793934323804976,0.323568487177214,0.7748267750555424,1.0004559189947066
2010-09-01,0.5510165350686133,0.09975824719028481,0.32538739112944903,0.7766456790077775,1.0022748229469416
2010-10-01,0.552823793350403,0.10156550547207455,0.32719464941123877,0.7784529372895672,1.0040820812287314
2010-11-01,0.5546251306767908,0.10336684279846231,0.32899598673762653,0.780254274615955,1.0058834185551193
2010-12-01,0.5564280872007357,0.10516979932240722,0.33079894326157144,0.7820572311398999,1.0076863750790641
2011-01-01,0.5582424681076679,0.10698418022933942,0.33261332416850364,0.7838716120468321,1.0095007559859963
2011-02-01,0.5600797962135714,0.10882150833524296,0.3344506522744072,0.7857089401527356,1.0113380840919
2011-03-01,0.5619529793620835,0.1106946914837551,0.3363238354229193,0.7875821233012478,1.013211267240412
2011-04-01,0.5638755826950967,0.1126172948167683,0.3382464387559325,0.789504726634261,1.0151338705734252
2011-05-01,0.5658595567265022,0.11460126884817379,0.340230412787338,0.7914887006656665,1.0171178446048308
2011-06-01,0.5679144455708476,0.11665615769251914,0.34228530163168336,0.7935435895100118,1.019172733449176
2011-07-01,0.5700476237673675,0.11878933588903906,0.3444184798282033,0.7956767677065317,1.021305911645696
2011-08-01,0.5722656477642991,0.12100735988597067,0.3466365038251349,0.7978947917034633,1.0235239356426276
2011-09-01,0.5745783648127504,0.12332007693442193,0.34894922087358615,0.8002075087519146,1.025836652691079
2011-10-01,0.5769940084626737,0.12573572058434523,0.35136486452350946,0.8026231524018379,1.0282522963410021
2011-11-01,0.5795168038909856,0.12825851601265714,0.35388765995182137,0.8051459478301498,1.0307750917693141
2011-12-01,0.5821474811074463,0.13088919322911785,0.3565183371682821,0.8077766250466105,1.0334057689857747
2012-01-01,0.5848894019431627,0.1336311140648343,0.3592602580039985,0.810518545882327,1.0361476898214912
2012-02-01,0.5877447555360942,0.13648646765776573,0.36211561159692995,0.8133738994752584,1.0390030434144226
2012-03-01,0.5907150899197107,0.13945680204138222,0.36508594598054644,0.8163442338588749,1.0419733777980391
2012-04-01,0.5938022050834924,0.1425439172051639,0.36817306114432813,0.8194313490226566,1.0450604929618208
2012-05-01,0.5970049655507308,0.14574667767240235,0.37137582161156657,0.822634109489895,1.0482632534290592
2012-06-01,0.6003172755533676,0.1490589876750391,0.37468813161420333,0.8259464194925318,1.0515755634316961
2012-07-01,0.6037309159596155,0.15247262808128703,0.37810177202045125,0.8293600598987797,1.0549892038379438
2012-08-01,0.6072357246045261,0.15597743672619768,0.3816065806653619,0.8328648685436904,1.0584940124828546
2012-09-01,0.6108230523294126,0.15956476445108414,0.38519390839024836,0.8364521962685768,1.0620813402077411
2012-10-01,0.6144893858934721,0.16323109801514368,0.3888602419543079,0.8401185298326364,1.0657476737718006
2012-11-01,0.6182366857112729,0.16697839783294444,0.39260754177210866,0.8438658296504371,1.0694949735896013
2012-12-01,0.6220680276467112,0.17080973976838276,0.396438883707547,0.8476971715858754,1.0733263155250397
2013-01-01,0.6259869698109704,0.1747286819326419,0.40035782587180613,0.8516161137501346,1.0772452576892988
2013-02-01,0.6299962494143756,0.17873796153604715,0.4043671054752114,0.8556253933535398,1.081254537292704
2013-03-01,0.6340991231567339,0.18284083527840544,0.40846997921756967,0.8597282670958981,1.0853574110350623
2013-04-01,0.6382982567816161,0.18703996890328767,0.4126691128424519,0.8639274007207803,1.0895565446599447
2013-05-01,0.6425962632082958,0.19133797532996732,0.41696711926913155,0.86822540714746,1.0938545510866242
2013-06-01,0.6469909733255538,0.19573268544722533,0.42136182938638955,0.872620117264718,1.098249261203882
2013-07-01,0.651479565878505,0.20022127800017653,0.42585042193934075,0.8771087098176692,1.1027378537568335
2013-08-01,0.6560601536688915,0.20480186579056303,0.43043100972972725,0.8816892976080557,1.10731844154722
2013-09-01,0.6607319794351665,0.20947369155683804,0.43510283549600226,0.8863611233743307,1.111990267313495
2013-10-01,0.6654964756858773,0.21423818780754889,0.4398673317467131,0.8911256196250416,1.1167547635642059
2013-11-01,0.6703574677662794,0.2190991798879509,0.44472832382711514,0.8959866117054436,1.1216157556446078
2013-12-01,0.6753189232768916,0.22406063539856313,0.44968977933772736,0.9009480672160558,1.1265772111552201
2014-01-01,0.6803823416698398,0.22912405379151135,0.4547531977306756,0.906011485609004,1.1316406295481682
2014-02-01,0.6855490499900097,0.2342907621116812,0.45991990605084543,0.9111781939291739,1.136807337868338
2014-03-01,0.690821444349548,0.2395631564712195,0.46519230041038373,0.9164505882887122,1.1420797322278764
2014-04-01,0.6962010790535414,0.244942791175213,0.4705719351143772,0.9218302229927057,1.1474593669318698
2014-05-01,0.7016833312357901,0.25042504335746163,0.47605418729662585,0.9273124751749543,1.1529416191141184
2014-06-01,0.7072567880192738,0.2559985001409454,0.4816276440801096,0.932885931958438,1.1585150758976024
2014-07-01,0.7129073401865755,0.2616490523082471,0.4872781962474113,0.9385364841257398,1.164165628064904
2014-08-01,0.718620712729306,0.2673624248509776,0.49299156879014183,0.9442498566684703,1.1698790006076345
2014-09-01,0.7243872575798698,0.2731289697015413,0.49875811364070555,0.950016401519034,1.1756455454581982
2014-10-01,0.7301997823464315,0.278941494468103,0.5045706384072672,0.9558289262855957,1.18145807022476
2014-11-01,0.736054106622805,0.28479581874447657,0.5104249626836408,0.9616832505619692,1.1873123945011335
2014-12-01,0.741943764020296,0.2906854761419676,0.5163146200811318,0.9675729079594603,1.1932020518986244
2015-01-01,0.7478620782670378,0.2966037903887093,0.5222329343278735,0.973491222206202,1.1991203661453662
2015-02-01,0.7538034416760694,0.30254515379774094,0.5281742977369052,0.9794325856152336,1.205061729554398
2015-03-01,0.7597606777251595,0.3085023898468311,0.5341315337859953,0.9853898216643238,1.211018965603488
2015-04-01,0.7657272105800802,0.31446892270175175,0.540098066640916,0.9913563545192444,1.2169854984584085
2015-05-01,0.771697575252973,0.32043928737464455,0.5460684313138088,0.9973267191921372,1.2229558631313013
2015-06-01,0.7776658717091504,0.3264075838308219,0.5520367277699861,1.0032950156483147,1.228924159587479
2015-07-01,0.7836263832522485,0.3323680953739201,0.5579972393130843,1.0092555271914128,1.234884671130577
2015-08-01,0.7895769941429501,0.3383187062646217,0.5639478502037859,1.0152061380821142,1.2408352820212785
2015-09-01,0.7955219652576527,0.3442636773793243,0.5698928213184885,1.021151109196817,1.2467802531359813
2015-10-01,0.8014714894183661,0.35021320154003766,0.5758423454792019,1.0271006333575303,1.2527297772966945
2015-11-01,0.8074375232455473,0.35617923536721885,0.5818083793063831,1.0330666671847115,1.2586958111238757
2015-12-01,0.8134288251857664,0.362170537307438,0.5877996812466022,1.0390579691249306,1.2646871130640949
2016-01-01,0.8194508503658546,0.3681925624875262,0.5938217064266904,1.0450799943050189,1.270709138244183
2016-02-01,0.8255043950486693,0.3742461071703409,0.5998752511095051,1.0511335389878336,1.2767626829269978
2016-03-01,0.8315862590878368,0.38032797120950834,0.6059571151486726,1.057215403027001,1.2828445469661651
2016-04-01,0.8376900472785738,0.3864317594002453,0.6120609033394095,1.063319191217738,1.2889483351569022
2016-05-01,0.8438046599261193,0.39254637204779086,0.6181755159869551,1.0694338038652835,1.2950629478044478
2016-06-01,0.8499127850473551,0.3986544971690267,0.6242836411081909,1.0755419289865193,1.3011710729256836
2016-07-01,0.8559949111847381,0.4047366233064097,0.6303657672455739,1.0816240551239025,1.3072531990630667
2016-08-01,0.8620313796641601,0.41077309178583166,0.6364022357249959,1.0876605236033243,1.3132896675424885
2016-09-01,0.8680048738753113,0.4167465859969829,0.6423757299361471,1.0936340178144754,1.3192631617536397
2016-10-01,0.8739009187362101,0.4226426308578817,0.6482717747970459,1.0995300626753743,1.3251592066145386
2016-11-01,0.8797090143719702,0.4284507264936418,0.654079870432806,1.1053381583111346,1.3309673022502988
2016-12-01,0.8854198043783702,0.43416151650004176,0.659790660439206,1.1110489483175345,1.3366780922566988
2017-01-01,0.8910250647733388,0.4397667768950103,0.6653959208341745,1.1166542087125029,1.342283352651667
2017-02-01,0.8965163301702721,0.44525804229194366,0.6708871862311079,1.1221454741094363,1.3477746180486005
2017-03-01,0.9018865984213816,0.4506283105430532,0.6762574544822174,1.1275157423605457,1.35314488629971
2017-04-01,0.9071288183710795,0.45587053049275106,0.6814996744319153,1.1327579623102437,1.358387106249408
2017-05-01,0.9122358516795125,0.46097756380118404,0.6866067077403483,1.1378649956186768,1.363494139557841
2017-06-01,0.9171975616265787,0.4659392737482503,0.6915684176874145,1.142826705565743,1.3684558495049073
2017-07-01,0.9220019898822319,0.4707437020039035,0.6963728459430677,1.1476311338213963,1.3732602777605605
2017-08-01,0.9266347910807009,0.47537650320237246,0.7010056471415367,1.1522639350198651,1.3778930789590293
2017-09-01,0.9310807276805546,0.47982243980222616,0.7054515837413904,1.1567098716197188,1.382339015558883
2017-10-01,0.9353264824606092,0.4840681945822808,0.709697338521445,1.1609556263997733,1.3865847703389376
2017-11-01,0.9393611212367454,0.488102833358417,0.7137319772975812,1.1649902651759096,1.3906194091150739
2017-12-01,0.9431752138549222,0.49191692597659376,0.717546069915758,1.1688043577940865,1.3944335017332508
2018-01-01,0.9467609005695624,0.49550261269123397,0.7211317566303982,1.1723900445087265,1.3980191884478907
2018-02-01,0.9501094184509352,0.49885113057260677,0.724480274511771,1.1757385623900993,1.4013677063292636
2018-03-01,0.9532155885241921,0.5019573006458636,0.7275864445850279,1.1788447324633564,1.4044738764025206
2018-04-01,0.9560752614411114,0.504816973562783,0.7304461175019472,1.1817044053802757,1.4073335493194399
2018-05-01,0.9586845437940735,0.5074262559157451,0.7330553998549093,1.1843136877332379,1.409942831672402
2018-06-01,0.9610405458550741,0.5097822579767457,0.7354114019159099,1.1866696897942384,1.4122988337334026
2018-07-01,0.9631454150197392,0.5118871271414107,0.7375162710805749,1.1887745589589034,1.4144037028980676
2018-08-01,0.9650044703474578,0.5137461824691294,0.7393753264082936,1.190633614286622,1.4162627582257863
2018-09-01,0.9666245397184478,0.5153662518401193,0.7409953957792835,1.1922536836576119,1.417882827596776
2018-10-01,0.9680189900641636,0.5167607021858351,0.7423898461249994,1.1936481340033278,1.419277277942492
2018-11-01,0.9692093229914427,0.5179510351131142,0.7435801790522785,1.194838466930607,1.4204676108697711
2018-12-01,0.9702229408920763,0.5189646530137478,0.7445937969529121,1.1958520848312406,1.4214812287704048
2019-01-01,0.9710908869739974,0.5198325990956689,0.7454617430348331,1.1967200309131616,1.4223491748523258
2019-02-01,0.9718492777524612,0.5205909898741328,0.746220133813297,1.1974784216916254,1.4231075656307897
2019-03-01,0.9725384619382228,0.5212801740598944,0.7469093179990586,1.1981676058773871,1.4237967498165514
2019-04-01,0.9732052911325785,0.52194700325425,0.7475761471934143,1.1988344350717428,1.424463579010907
2019-05-01,0.9739039564390635,0.522645668560735,0.7482748124998992,1.1995331003782277,1.425162244317392
2019-06-01,0.9746881579936347,0.5234298701153063,0.7490590140544705,1.2003173019327988,1.425946445871963
2019-07-01,0.9756081079494147,0.5243498200710862,0.7499789640102504,1.2012372518885788,1.426866395827743
2019-08-01,0.9767097316405481,0.5254514437622196,0.7510805877013839,1.2023388755797124,1.4279680195188766
2019-09-01,0.9780401085575808,0.5267818206792524,0.7524109646184166,1.203669252496745,1.4292983964359092
2019-10-01,0.9796497123216409,0.5283914244433124,0.7540205683824767,1.2052788562608052,1.4309080001999694
2019-11-01,0.9815895289823088,0.5303312411039803,0.7559603850431446,1.207218672921473,1.4328478168606371
2019-12-01,0.9839078408803377,0.5326495530020092,0.7582786969411734,1.209536984819502,1.4351661287586661
2020-01-01,0.9866470722770592,0.5353887843987307,0.7610179283378949,1.2122762162162233,1.4379053601553875
2020-02-01,0.9898407078201917,0.5385824199418633,0.7642115638810275,1.215469851759356,1.4410989956985203
2020-03-01,0.993512910594448,0.5422546227161196,0.7678837666552838,1.2191420545336122,1.4447711984727765
2020-04-01,1.0000425301029088,0.5487842422245803,0.7744133861637446,1.225671674042073,1.4513008179812372
2020-05-01,1.0074527090140137,0.5561944211356853,0.7818235650748495,1.233081852953178,1.4587109968923422
2020-06-01,1.015544246412796,0.5642859585344675,0.7899151024736317,1.2411733903519602,1.4668025342911244
2020-07-01,1.0241160853210727,0.5728577974427442,0.7984869413819085,1.249745229260237,1.4753743731994011
2020-08-01,1.0329999444406368,0.5817416565623084,0.8073708005014726,1.258629088379801,1.4842582323189653
2020-09-01,1.0420688581447493,0.5908105702664208,0.816439714205585,1.2676980020839135,1.4933271460230777
2020-10-01,1.0512330071500553,0.5999747192717269,0.8256038632108911,1.2768621510892195,1.5024912950283837
2020-11-01,1.0604318321313742,0.6091735442530457,0.8348026881922099,1.2860609760705384,1.5116901200097026
2020-12-01,1.0696259281512468,0.6183676402729184,0.8439967842120826,1.295255072090411,1.5208842160295752
2021-01-01,1.0787908370813057,0.6275325492029773,0.8531616931421415,1.30441998102047,1.5300491249596342
2021-02-01,1.0879125459226353,0.6366542580443069,0.8622834019834711,1.3135416898617995,1.5391708338009638
2021-03-01,1.0969840972469982,0.6457258093686697,0.871354953307834,1.3226132411861624,1.5482423851253266
2021-04-01,1.106003102265768,0.6547448143874395,0.8803739583266037,1.3316322462049321,1.5572613901440964
2021-05-01,1.1149700943120935,0.663711806433765,0.8893409503729293,1.3405992382512577,1.566228382190422
2021-06-01,1.1238874582804936,0.6726291704021652,0.8982583143413294,1.3495166022196579,1.575145746158822
2021-07-01,1.132758638185431,0.6815003503071027,0.9071294942462669,1.3583877821245953,1.5840169260637595
2021-08-01,1.1415876474051478,0.6903293595268194,0.9159585034659836,1.367216791344312,1.5928459352834763
2021-09-01,1.1503786785371393,0.6991203906588108,0.924749534597975,1.3760078224763035,1.6016369664154677
2021-10-01,1.1591357697541147,0.7078774818757863,0.9335066258149505,1.384764913693279,1.6103940576324431
2021-11-01,1.1678628786418095,0.716604590763481,0.9422337347026453,1.3934920225809737,1.619121166520138
2021-12-01,1.1765637500361203,0.7253054621577919,0.9509346060969561,1.4021928939752846,1.6278220379144488
2022-01-01,1.1852420513150017,0.7339837634366733,0.9596129073758375,1.410871195254166,1.6365003391933302
2022-02-01,1.1939014060722224,0.742643118193894,0.9682722621330582,1.4195305500113866,1.6451596939505508
2022-03-01,1.202545518373314,0.7512872304949856,0.9769163744341498,1.4281746623124782,1.6538038062516425
2022-04-01,1.211178081213473,0.7599197933351445,0.9855489372743087,1.4368072251526371,1.6624363690918014
2022-05-01,1.2198027274571768,0.7685444395788483,0.9941735835180125,1.445431871396341,1.6710610153355052
2022-06-01,1.228423211451292,0.7771649235729636,1.0027940675121279,1.4540523553904563,1.6796814993296205
2022-07-01,1.2370434569193365,0.785785169041008,1.0114143129801723,1.4626726008585007,1.688301744797665
2022-08-01,1.2456674690385297,0.7944091811602012,1.0200383250993654,1.4712966129776939,1.696925756916858
2022-09-01,1.2542992091844796,0.8030409213061511,1.0286700652453153,1.4799283531236438,1.705557497062808
2022-10-01,1.2629424411035923,0.8116841532252639,1.037313297164428,1.4885715850427566,1.7142007289819208
2022-11-01,1.271600963569857,0.8203426756915286,1.0459718196306929,1.4972301075090213,1.7228592514481855
2022-12-01,1.2802786391843382,0.8290203513060097,1.054649495245174,1.5059077831235024,1.7315369270626666
2023-01-01,1.2889794718144425,0.8377211839361141,1.0633503278752783,1.5146086157536067,1.740237759692771
2023-02-01,1.297707454874358,0.8464491669960295,1.0720783109351937,1.5233365988135221,1.7489657427526863
2023-03-01,1.306466431456079,0.8552081435777505,1.0808372875169148,1.5320955753952432,1.7577247193344074
2023-04-01,1.3152601075628614,0.8640018196845329,1.0896309636236972,1.5408892515020256,1.7665183954411898
2023-05-01,1.324092212409626,0.8728339245312975,1.0984630684704617,1.5497213563487902,1.7753505002879544
2023-06-01,1.332966610147353,0.8817083222690245,1.1073374662081887,1.5585957540865172,1.7842248980256814
2023-07-01,1.3418871386481133,0.8906288507697848,1.116257994708949,1.5675162825872775,1.7931454265264417
2023-08-01,1.3508575110961427,0.8995992232178143,1.1252283671569785,1.576486655035307,1.8021157989744712
2023-09-01,1.3598811216079794,0.9086228337296509,1.1342519776688151,1.5855102655471436,1.8111394094863078
2023-10-01,1.3689608930239419,0.9177026051456134,1.1433317490847776,1.594590036963106,1.8202191809022703
2023-11-01,1.3780992167122303,0.9268409288339019,1.1524700727730661,1.6037283606513946,1.8293575045905588
2023-12-01,1.3872979804509684,0.93603969257264,1.1616688365118042,1.6129271243901326,1.8385562683292969
2024-01-01,1.3965585506702267,0.9453002627918983,1.1709294067310625,1.622187694609391,1.8478168385485552
2024-02-01,1.4058818987535195,0.9546236108751911,1.1802527548143553,1.6315110426926838,1.857140186631848
2024-03-01,1.4152690284975167,0.9640107406191882,1.1896398845583525,1.640898172436681,1.8665273163758451
2024-04-01,1.4247210593193722,0.9734627714410438,1.199091915380208,1.6503502032585364,1.8759793471977007
2024-05-01,1.4342391856290364,0.982980897750708,1.2086100416898722,1.6598683295682006,1.8854974735073649
2024-06-01,1.4438242061899087,0.9925659183115803,1.2181950622507445,1.669453350129073,1.8950824940682371
2024-07-01,1.4534764377031297,1.0022181498248013,1.2278472937639655,1.679105581642294,1.9047347255814582
2024-08-01,1.4631957931675446,1.011937505289216,1.2375666492283803,1.6888249371067088,1.914454081045873
2024-09-01,1.4729817602976647,1.0217234724193363,1.2473526163585005,1.698610904236829,1.9242400481759931
2024-10-01,1.4828333593854248,1.0315750715070964,1.2572042154462606,1.708462503324589,1.9340916472637533
2024-11-01,1.4927491570078004,1.041490869129472,1.2671200130686362,1.7183783009469646,1.9440074448861289
2024-12-01,1.5027273358975866,1.0514690480192581,1.2770981919584223,1.7283564798367508,1.953985623775915
