,ONI,Z_ONI,D_EN,D_LN
1950-01-01,-1.53,-1.8470780200854715,0,1
1950-02-01,-1.34,-1.6222895057913889,0,1
1950-03-01,-1.16,-1.4093319659338366,0,1
1950-04-01,-1.18,-1.432993914806898,0,1
1950-05-01,-1.07,-1.3028531960050607,0,1
1950-06-01,-0.85,-1.0425717584013858,0,1
1950-07-01,-0.54,-0.6758115508689353,0,1
1950-08-01,-0.42,-0.5338398576305672,0,0
1950-09-01,-0.39,-0.49834693432097515,0,0
1950-10-01,-0.44,-0.5575018065036285,0,0
1950-11-01,-0.6,-0.7467973974881192,0,1
1950-12-01,-0.8,-0.9834168862187327,0,1
1951-01-01,-0.82,-1.0070788350917939,0,1
1951-02-01,-0.54,-0.6758115508689353,0,1
1951-03-01,-0.17,-0.23806549671730046,0,0
1951-04-01,0.18,0.17601860856127297,0,0
1951-05-01,0.36,0.388976148418825,0,0
1951-06-01,0.58,0.6492575860224996,1,0
1951-07-01,0.7,0.7912292792608676,1,0
1951-08-01,0.89,1.0160177935549504,1,0
1951-09-01,0.99,1.134327537920257,1,0
1951-10-01,1.15,1.3236231289047475,1,0
1951-11-01,1.04,1.1934824101029105,1,0
1951-12-01,0.81,0.921369998062705,1,0
1952-01-01,0.53,0.5901027138398464,1,0
1952-02-01,0.37,0.40080712285535564,0,0
1952-03-01,0.34,0.36531419954576366,0,0
1952-04-01,0.29,0.3061593273631103,0,0
1952-05-01,0.2,0.19968055743433433,0,0
1952-06-01,0.0,-0.03693893129627908,0,0
1952-07-01,-0.08,-0.13158672678852443,0,0
1952-08-01,0.0,-0.03693893129627908,0,0
1952-09-01,0.15,0.14052568525168094,0,0
1952-10-01,0.1,0.0813708130690276,0,0
1952-11-01,0.04,0.010384966449843594,0,0
1952-12-01,0.15,0.14052568525168094,0,0
1953-01-01,0.4,0.4363000461649477,0,0
1953-02-01,0.6,0.672919534895561,1,0
1953-03-01,0.63,0.708412458205153,1,0
1953-04-01,0.66,0.7439053815147451,1,0
1953-05-01,0.75,0.850384151443521,1,0
1953-06-01,0.77,0.8740461003165824,1,0
1953-07-01,0.75,0.850384151443521,1,0
1953-08-01,0.73,0.8267222025704597,1,0
1953-09-01,0.78,0.8858770747531131,1,0
1953-10-01,0.84,0.956862921372297,1,0
1953-11-01,0.84,0.956862921372297,1,0
1953-12-01,0.81,0.921369998062705,1,0
1954-01-01,0.76,0.8622151258800517,1,0
1954-02-01,0.47,0.5191168672206623,0,0
1954-03-01,-0.05,-0.09609380347893243,0,0
1954-04-01,-0.41,-0.5220088831940365,0,0
1954-05-01,-0.54,-0.6758115508689353,0,1
1954-06-01,-0.5,-0.6284876531228125,0,1
1954-07-01,-0.64,-0.7941212952342419,0,1
1954-08-01,-0.84,-1.0307407839648552,0,1
1954-09-01,-0.9,-1.1017266305840394,0,1
1954-10-01,-0.77,-0.9479239629091406,0,1
1954-11-01,-0.73,-0.9006000651630179,0,1
1954-12-01,-0.66,-0.8177832441073033,0,1
1955-01-01,-0.68,-0.8414451929803647,0,1
1955-02-01,-0.62,-0.7704593463611806,0,1
1955-03-01,-0.69,-0.8532761674168952,0,1
1955-04-01,-0.8,-0.9834168862187327,0,1
1955-05-01,-0.79,-0.971585911782202,0,1
1955-06-01,-0.72,-0.8887690907264872,0,1
1955-07-01,-0.68,-0.8414451929803647,0,1
1955-08-01,-0.75,-0.9242620140360793,0,1
1955-09-01,-1.09,-1.326515144878122,0,1
1955-10-01,-1.42,-1.716937301283634,0,1
1955-11-01,-1.67,-2.012711662196901,0,1
1955-12-01,-1.47,-1.7760921734662873,0,1
1956-01-01,-1.11,-1.3501770937511834,0,1
1956-02-01,-0.76,-0.9360929884726099,0,1
1956-03-01,-0.63,-0.7822903207977112,0,1
1956-04-01,-0.54,-0.6758115508689353,0,1
1956-05-01,-0.52,-0.6521496019958739,0,1
1956-06-01,-0.51,-0.6403186275593432,0,1
1956-07-01,-0.57,-0.7113044741785272,0,1
1956-08-01,-0.55,-0.687642525305466,0,1
1956-09-01,-0.46,-0.5811637553766899,0,0
1956-10-01,-0.42,-0.5338398576305672,0,0
1956-11-01,-0.43,-0.5456708320670978,0,0
1956-12-01,-0.43,-0.5456708320670978,0,0
1957-01-01,-0.25,-0.33271329220954576,0,0
1957-02-01,0.06,0.03404691532290493,0,0
1957-03-01,0.41,0.4481310206014783,0,0
1957-04-01,0.72,0.814891228133929,1,0
1957-05-01,0.92,1.0515107168645423,1,0
1957-06-01,1.11,1.2762992311586252,1,0
1957-07-01,1.25,1.4419328732700545,1,0
1957-08-01,1.32,1.5247496943257692,1,0
1957-09-01,1.33,1.5365806687622998,1,0
1957-10-01,1.39,1.6075665153814838,1,0
1957-11-01,1.53,1.7732001574929133,1,0
1957-12-01,1.74,2.0216506206600573,1,0
1958-01-01,1.81,2.104467441715772,1,0
1958-02-01,1.66,1.9270028251678117,1,0
1958-03-01,1.27,1.4655948221431159,1,0
1958-04-01,0.93,1.0633416913010731,1,0
1958-05-01,0.74,0.8385531770069903,1,0
1958-06-01,0.64,0.7202434326416837,1,0
1958-07-01,0.57,0.6374266115859689,1,0
1958-08-01,0.43,0.4717929694745397,0,0
1958-09-01,0.39,0.424469071728417,0,0
1958-10-01,0.44,0.48362394391107033,0,0
1958-11-01,0.5,0.5546097905302544,1,0
1958-12-01,0.61,0.6847505093320916,1,0
1959-01-01,0.61,0.6847505093320916,1,0
1959-02-01,0.62,0.6965814837686223,1,0
1959-03-01,0.52,0.5782717394033157,1,0
1959-04-01,0.33,0.353483225109233,0,0
1959-05-01,0.2,0.19968055743433433,0,0
1959-06-01,-0.07,-0.11975575235199377,0,0
1959-07-01,-0.18,-0.2498964711538311,0,0
1959-08-01,-0.28,-0.3682062155191378,0,0
1959-09-01,-0.09,-0.1434177012250551,0,0
1959-10-01,-0.03,-0.0724318546058711,0,0
1959-11-01,0.05,0.022215940886374266,0,0
1959-12-01,-0.04,-0.08426282904240175,0,0
1960-01-01,-0.1,-0.15524867566158576,0,0
1960-02-01,-0.1,-0.15524867566158576,0,0
1960-03-01,-0.07,-0.11975575235199377,0,0
1960-04-01,0.03,-0.0014460079866870771,0,0
1960-05-01,0.02,-0.013276982423217744,0,0
1960-06-01,0.03,-0.0014460079866870771,0,0
1960-07-01,0.13,0.1168637363786196,0,0
1960-08-01,0.24,0.24700445518045697,0,0
1960-09-01,0.27,0.282497378490049,0,0
1960-10-01,0.2,0.19968055743433433,0,0
1960-11-01,0.12,0.10503276194208894,0,0
1960-12-01,0.05,0.022215940886374266,0,0
1961-01-01,0.04,0.010384966449843594,0,0
1961-02-01,0.03,-0.0014460079866870771,0,0
1961-03-01,0.04,0.010384966449843594,0,0
1961-04-01,0.09,0.06953983863249692,0,0
1961-05-01,0.23,0.23517348074392633,0,0
1961-06-01,0.27,0.282497378490049,0,0
1961-07-01,0.14,0.1286947108151503,0,0
1961-08-01,-0.13,-0.19074159897117776,0,0
1961-09-01,-0.3,-0.3918681643921991,0,0
1961-10-01,-0.26,-0.34454426664607646,0,0
1961-11-01,-0.19,-0.26172744559036176,0,0
1961-12-01,-0.16,-0.22623452228076976,0,0
1962-01-01,-0.24,-0.3208823177730151,0,0
1962-02-01,-0.22,-0.2972203688999538,0,0
1962-03-01,-0.2,-0.27355842002689246,0,0
1962-04-01,-0.26,-0.34454426664607646,0,0
1962-05-01,-0.28,-0.3682062155191378,0,0
1962-06-01,-0.2,-0.27355842002689246,0,0
1962-07-01,-0.04,-0.08426282904240175,0,0
1962-08-01,-0.07,-0.11975575235199377,0,0
1962-09-01,-0.11,-0.16707965009811643,0,0
1962-10-01,-0.22,-0.2972203688999538,0,0
1962-11-01,-0.31,-0.40369913882872976,0,0
1962-12-01,-0.43,-0.5456708320670978,0,0
1963-01-01,-0.4,-0.5101779087575058,0,0
1963-02-01,-0.15,-0.2144035478442391,0,0
1963-03-01,0.15,0.14052568525168094,0,0
1963-04-01,0.27,0.282497378490049,0,0
1963-05-01,0.31,0.32982127623617163,0,0
1963-06-01,0.52,0.5782717394033157,1,0
1963-07-01,0.86,0.9805248702453584,1,0
1963-08-01,1.14,1.311792154468217,1,0
1963-09-01,1.22,1.4064399499604623,1,0
1963-10-01,1.29,1.489256771016177,1,0
1963-11-01,1.37,1.5839045665084226,1,0
1963-12-01,1.31,1.5129187198892384,1,0
1964-01-01,1.07,1.2289753334125024,1,0
1964-02-01,0.62,0.6965814837686223,1,0
1964-03-01,0.12,0.10503276194208894,0,0
1964-04-01,-0.33,-0.42736108770179115,0,0
1964-05-01,-0.58,-0.7231354486150579,0,1
1964-06-01,-0.58,-0.7231354486150579,0,1
1964-07-01,-0.6,-0.7467973974881192,0,1
1964-08-01,-0.66,-0.8177832441073033,0,1
1964-09-01,-0.76,-0.9360929884726099,0,1
1964-10-01,-0.8,-0.9834168862187327,0,1
1964-11-01,-0.82,-1.0070788350917939,0,1
1964-12-01,-0.78,-0.9597549373456713,0,1
1965-01-01,-0.59,-0.7349664230515885,0,1
1965-02-01,-0.28,-0.3682062155191378,0,0
1965-03-01,-0.07,-0.11975575235199377,0,0
1965-04-01,0.18,0.17601860856127297,0,0
1965-05-01,0.46,0.5072858927841317,0,0
1965-06-01,0.83,0.9450319469357663,1,0
1965-07-01,1.22,1.4064399499604623,1,0
1965-08-01,1.54,1.7850311319294438,1,0
1965-09-01,1.85,2.151791339461895,1,0
1965-10-01,1.98,2.305594007136793,1,0
1965-11-01,1.97,2.2937630327002627,1,0
1965-12-01,1.72,1.997988671786996,1,0
1966-01-01,1.37,1.5839045665084226,1,0
1966-02-01,1.17,1.347285077777809,1,0
1966-03-01,0.98,1.1224965634837263,1,0
1966-04-01,0.66,0.7439053815147451,1,0
1966-05-01,0.35,0.3771451739822943,0,0
1966-06-01,0.24,0.24700445518045697,0,0
1966-07-01,0.24,0.24700445518045697,0,0
1966-08-01,0.12,0.10503276194208894,0,0
1966-09-01,-0.05,-0.09609380347893243,0,0
1966-10-01,-0.1,-0.15524867566158576,0,0
1966-11-01,-0.18,-0.2498964711538311,0,0
1966-12-01,-0.3,-0.3918681643921991,0,0
1967-01-01,-0.41,-0.5220088831940365,0,0
1967-02-01,-0.48,-0.6048257042497512,0,0
1967-03-01,-0.53,-0.6639805764324046,0,1
1967-04-01,-0.45,-0.5693327809401592,0,0
1967-05-01,-0.24,-0.3208823177730151,0,0
1967-06-01,-0.0,-0.03693893129627908,0,0
1967-07-01,0.05,0.022215940886374266,0,0
1967-08-01,-0.16,-0.22623452228076976,0,0
1967-09-01,-0.3,-0.3918681643921991,0,0
1967-10-01,-0.38,-0.48651595988444446,0,0
1967-11-01,-0.34,-0.43919206213832185,0,0
1967-12-01,-0.44,-0.5575018065036285,0,0
1968-01-01,-0.64,-0.7941212952342419,0,1
1968-02-01,-0.74,-0.9124310395995486,0,1
1968-03-01,-0.62,-0.7704593463611806,0,1
1968-04-01,-0.44,-0.5575018065036285,0,0
1968-05-01,-0.04,-0.08426282904240175,0,0
1968-06-01,0.28,0.29432835292657966,0,0
1968-07-01,0.58,0.6492575860224996,1,0
1968-08-01,0.53,0.5901027138398464,1,0
1968-09-01,0.45,0.495454918347601,0,0
1968-10-01,0.55,0.6137646627129076,1,0
1968-11-01,0.73,0.8267222025704597,1,0
1968-12-01,0.98,1.1224965634837263,1,0
1969-01-01,1.13,1.2999611800316864,1,0
1969-02-01,1.09,1.2526372822855638,1,0
1969-03-01,0.95,1.0870036401741343,1,0
1969-04-01,0.77,0.8740461003165824,1,0
1969-05-01,0.61,0.6847505093320916,1,0
1969-06-01,0.43,0.4717929694745397,0,0
1969-07-01,0.36,0.388976148418825,0,0
1969-08-01,0.51,0.5664407649667851,1,0
1969-09-01,0.79,0.8977080491896438,1,0
1969-10-01,0.86,0.9805248702453584,1,0
1969-11-01,0.81,0.921369998062705,1,0
1969-12-01,0.63,0.708412458205153,1,0
1970-01-01,0.51,0.5664407649667851,1,0
1970-02-01,0.34,0.36531419954576366,0,0
1970-03-01,0.29,0.3061593273631103,0,0
1970-04-01,0.19,0.18784958299780363,0,0
1970-05-01,0.04,0.010384966449843594,0,0
1970-06-01,-0.3,-0.3918681643921991,0,0
1970-07-01,-0.63,-0.7822903207977112,0,1
1970-08-01,-0.76,-0.9360929884726099,0,1
1970-09-01,-0.77,-0.9479239629091406,0,1
1970-10-01,-0.74,-0.9124310395995486,0,1
1970-11-01,-0.86,-1.0544027328379166,0,1
1970-12-01,-1.15,-1.397500991497306,0,1
1971-01-01,-1.36,-1.6459514546644503,0,1
1971-02-01,-1.38,-1.6696134035375112,0,1
1971-03-01,-1.12,-1.362008068187714,0,1
1971-04-01,-0.85,-1.0425717584013858,0,1
1971-05-01,-0.73,-0.9006000651630179,0,1
1971-06-01,-0.74,-0.9124310395995486,0,1
1971-07-01,-0.8,-0.9834168862187327,0,1
1971-08-01,-0.77,-0.9479239629091406,0,1
1971-09-01,-0.82,-1.0070788350917939,0,1
1971-10-01,-0.85,-1.0425717584013858,0,1
1971-11-01,-0.96,-1.1727124772032234,0,1
1971-12-01,-0.9,-1.1017266305840394,0,1
1972-01-01,-0.71,-0.8769381162899565,0,1
1972-02-01,-0.35,-0.45102303657485243,0,0
1972-03-01,0.06,0.03404691532290493,0,0
1972-04-01,0.41,0.4481310206014783,0,0
1972-05-01,0.67,0.7557363559512758,1,0
1972-06-01,0.92,1.0515107168645423,1,0
1972-07-01,1.13,1.2999611800316864,1,0
1972-08-01,1.37,1.5839045665084226,1,0
1972-09-01,1.58,1.8323550296755666,1,0
1972-10-01,1.84,2.139960365025364,1,0
1972-11-01,2.09,2.4357347259386306,1,0
1972-12-01,2.12,2.471227649248223,1,0
1973-01-01,1.84,2.139960365025364,1,0
1973-02-01,1.25,1.4419328732700545,1,0
1973-03-01,0.54,0.601933688276377,1,0
1973-04-01,-0.1,-0.15524867566158576,0,0
1973-05-01,-0.54,-0.6758115508689353,0,1
1973-06-01,-0.87,-1.0662337072744472,0,1
1973-07-01,-1.11,-1.3501770937511834,0,1
1973-08-01,-1.28,-1.5513036591722047,0,1
1973-09-01,-1.45,-1.752430224593226,0,1
1973-10-01,-1.71,-2.0600355599430236,0,1
1973-11-01,-1.95,-2.3439789464197593,0,1
1973-12-01,-2.03,-2.4386267419120045,0,1
1974-01-01,-1.84,-2.2138382276179223,0,1
1974-02-01,-1.55,-1.870739968958533,0,1
1974-03-01,-1.23,-1.4921487869895513,0,1
1974-04-01,-1.03,-1.255529298258938,0,1
1974-05-01,-0.91,-1.11355760502057,0,1
1974-06-01,-0.77,-0.9479239629091406,0,1
1974-07-01,-0.53,-0.6639805764324046,0,1
1974-08-01,-0.37,-0.4746849854479138,0,0
1974-09-01,-0.41,-0.5220088831940365,0,0
1974-10-01,-0.61,-0.7586283719246499,0,1
1974-11-01,-0.75,-0.9242620140360793,0,1
1974-12-01,-0.64,-0.7941212952342419,0,1
1975-01-01,-0.54,-0.6758115508689353,0,1
1975-02-01,-0.57,-0.7113044741785272,0,1
1975-03-01,-0.65,-0.8059522696707726,0,1
1975-04-01,-0.73,-0.9006000651630179,0,1
1975-05-01,-0.83,-1.0189098095283247,0,1
1975-06-01,-0.98,-1.1963744260762845,0,1
1975-07-01,-1.13,-1.3738390426242446,0,1
1975-08-01,-1.2,-1.4566558636799594,0,1
1975-09-01,-1.37,-1.6577824291009808,0,1
1975-10-01,-1.43,-1.7287682757201646,0,1
1975-11-01,-1.55,-1.870739968958533,0,1
1975-12-01,-1.65,-1.9890497133238394,0,1
1976-01-01,-1.56,-1.8825709433950635,0,1
1976-02-01,-1.17,-1.4211629403703672,0,1
1976-03-01,-0.73,-0.9006000651630179,0,1
1976-04-01,-0.47,-0.5929947298132205,0,0
1976-05-01,-0.28,-0.3682062155191378,0,0
1976-06-01,-0.05,-0.09609380347893243,0,0
1976-07-01,0.18,0.17601860856127297,0,0
1976-08-01,0.35,0.3771451739822943,0,0
1976-09-01,0.62,0.6965814837686223,1,0
1976-10-01,0.81,0.921369998062705,1,0
1976-11-01,0.86,0.9805248702453584,1,0
1976-12-01,0.85,0.9686938958088277,1,0
1977-01-01,0.71,0.8030602536973983,1,0
1977-02-01,0.64,0.7202434326416837,1,0
1977-03-01,0.34,0.36531419954576366,0,0
1977-04-01,0.23,0.23517348074392633,0,0
1977-05-01,0.21,0.21151153187086497,0,0
1977-06-01,0.34,0.36531419954576366,0,0
1977-07-01,0.35,0.3771451739822943,0,0
1977-08-01,0.42,0.459961995038009,0,0
1977-09-01,0.57,0.6374266115859689,1,0
1977-10-01,0.73,0.8267222025704597,1,0
1977-11-01,0.81,0.921369998062705,1,0
1977-12-01,0.79,0.8977080491896438,1,0
1978-01-01,0.69,0.7793983048243369,1,0
1978-02-01,0.42,0.459961995038009,0,0
1978-03-01,0.06,0.03404691532290493,0,0
1978-04-01,-0.18,-0.2498964711538311,0,0
1978-05-01,-0.31,-0.40369913882872976,0,0
1978-06-01,-0.29,-0.38003718995566843,0,0
1978-07-01,-0.36,-0.4628540110113831,0,0
1978-08-01,-0.42,-0.5338398576305672,0,0
1978-09-01,-0.42,-0.5338398576305672,0,0
1978-10-01,-0.29,-0.38003718995566843,0,0
1978-11-01,-0.08,-0.13158672678852443,0,0
1978-12-01,0.0,-0.03693893129627908,0,0
1979-01-01,0.03,-0.0014460079866870771,0,0
1979-02-01,0.07,0.0458778897594356,0,0
1979-03-01,0.2,0.19968055743433433,0,0
1979-04-01,0.28,0.29432835292657966,0,0
1979-05-01,0.23,0.23517348074392633,0,0
1979-06-01,0.05,0.022215940886374266,0,0
1979-07-01,0.04,0.010384966449843594,0,0
1979-08-01,0.17,0.1641876341247423,0,0
1979-09-01,0.33,0.353483225109233,0,0
1979-10-01,0.45,0.495454918347601,0,0
1979-11-01,0.52,0.5782717394033157,1,0
1979-12-01,0.64,0.7202434326416837,1,0
1980-01-01,0.59,0.6610885604590303,1,0
1980-02-01,0.46,0.5072858927841317,0,0
1980-03-01,0.34,0.36531419954576366,0,0
1980-04-01,0.38,0.41263809729188633,0,0
1980-05-01,0.48,0.530947841657193,0,0
1980-06-01,0.46,0.5072858927841317,0,0
1980-07-01,0.25,0.25883542961698763,0,0
1980-08-01,0.03,-0.0014460079866870771,0,0
1980-09-01,-0.07,-0.11975575235199377,0,0
1980-10-01,0.02,-0.013276982423217744,0,0
1980-11-01,0.11,0.09320178750555827,0,0
1980-12-01,-0.01,-0.048769905732809746,0,0
1981-01-01,-0.26,-0.34454426664607646,0,0
1981-02-01,-0.5,-0.6284876531228125,0,1
1981-03-01,-0.47,-0.5929947298132205,0,0
1981-04-01,-0.37,-0.4746849854479138,0,0
1981-05-01,-0.26,-0.34454426664607646,0,0
1981-06-01,-0.29,-0.38003718995566843,0,0
1981-07-01,-0.3,-0.3918681643921991,0,0
1981-08-01,-0.25,-0.33271329220954576,0,0
1981-09-01,-0.16,-0.22623452228076976,0,0
1981-10-01,-0.13,-0.19074159897117776,0,0
1981-11-01,-0.15,-0.2144035478442391,0,0
1981-12-01,-0.08,-0.13158672678852443,0,0
1982-01-01,-0.05,-0.09609380347893243,0,0
1982-02-01,0.07,0.0458778897594356,0,0
1982-03-01,0.19,0.18784958299780363,0,0
1982-04-01,0.47,0.5191168672206623,0,0
1982-05-01,0.66,0.7439053815147451,1,0
1982-06-01,0.72,0.814891228133929,1,0
1982-07-01,0.79,0.8977080491896438,1,0
1982-08-01,1.07,1.2289753334125024,1,0
1982-09-01,1.58,1.8323550296755666,1,0
1982-10-01,1.97,2.2937630327002627,1,0
1982-11-01,2.18,2.542213495867407,1,0
1982-12-01,2.23,2.60136836805006,1,0
1983-01-01,2.18,2.542213495867407,1,0
1983-02-01,1.92,2.234608160517609,1,0
1983-03-01,1.54,1.7850311319294438,1,0
1983-04-01,1.29,1.489256771016177,1,0
1983-05-01,1.06,1.2171443589759718,1,0
1983-06-01,0.72,0.814891228133929,1,0
1983-07-01,0.31,0.32982127623617163,0,0
1983-08-01,-0.08,-0.13158672678852443,0,0
1983-09-01,-0.46,-0.5811637553766899,0,0
1983-10-01,-0.81,-0.9952478606552634,0,1
1983-11-01,-1.0,-1.220036374949346,0,1
1983-12-01,-0.91,-1.11355760502057,0,1
1984-01-01,-0.6,-0.7467973974881192,0,1
1984-02-01,-0.42,-0.5338398576305672,0,0
1984-03-01,-0.34,-0.43919206213832185,0,0
1984-04-01,-0.43,-0.5456708320670978,0,0
1984-05-01,-0.51,-0.6403186275593432,0,1
1984-06-01,-0.45,-0.5693327809401592,0,0
1984-07-01,-0.3,-0.3918681643921991,0,0
1984-08-01,-0.16,-0.22623452228076976,0,0
1984-09-01,-0.24,-0.3208823177730151,0,0
1984-10-01,-0.56,-0.6994734997419967,0,1
1984-11-01,-0.92,-1.1253885794571006,0,1
1984-12-01,-1.14,-1.3856700170607752,0,1
1985-01-01,-1.04,-1.2673602726954687,0,1
1985-02-01,-0.85,-1.0425717584013858,0,1
1985-03-01,-0.77,-0.9479239629091406,0,1
1985-04-01,-0.78,-0.9597549373456713,0,1
1985-05-01,-0.78,-0.9597549373456713,0,1
1985-06-01,-0.63,-0.7822903207977112,0,1
1985-07-01,-0.49,-0.6166566786862819,0,0
1985-08-01,-0.46,-0.5811637553766899,0,0
1985-09-01,-0.4,-0.5101779087575058,0,0
1985-10-01,-0.35,-0.45102303657485243,0,0
1985-11-01,-0.27,-0.35637524108260715,0,0
1985-12-01,-0.36,-0.4628540110113831,0,0
1986-01-01,-0.49,-0.6166566786862819,0,0
1986-02-01,-0.47,-0.5929947298132205,0,0
1986-03-01,-0.31,-0.40369913882872976,0,0
1986-04-01,-0.2,-0.27355842002689246,0,0
1986-05-01,-0.12,-0.1789106245346471,0,0
1986-06-01,-0.04,-0.08426282904240175,0,0
1986-07-01,0.22,0.22334250630739563,0,0
1986-08-01,0.44,0.48362394391107033,0,0
1986-09-01,0.71,0.8030602536973983,1,0
1986-10-01,0.94,1.0751726657376037,1,0
1986-11-01,1.14,1.311792154468217,1,0
1986-12-01,1.22,1.4064399499604623,1,0
1987-01-01,1.23,1.418270924396993,1,0
1987-02-01,1.19,1.3709470266508703,1,0
1987-03-01,1.06,1.2171443589759718,1,0
1987-04-01,0.95,1.0870036401741343,1,0
1987-05-01,0.97,1.1106655890471957,1,0
1987-06-01,1.22,1.4064399499604623,1,0
1987-07-01,1.51,1.7495382086198519,1,0
1987-08-01,1.7,1.9743267229139345,1,0
1987-09-01,1.65,1.9151718507312812,1,0
1987-10-01,1.48,1.7140452853102597,1,0
1987-11-01,1.25,1.4419328732700545,1,0
1987-12-01,1.11,1.2762992311586252,1,0
1988-01-01,0.81,0.921369998062705,1,0
1988-02-01,0.54,0.601933688276377,1,0
1988-03-01,0.14,0.1286947108151503,0,0
1988-04-01,-0.31,-0.40369913882872976,0,0
1988-05-01,-0.88,-1.078064681710978,0,1
1988-06-01,-1.3,-1.574965608045266,0,1
1988-07-01,-1.3,-1.574965608045266,0,1
1988-08-01,-1.11,-1.3501770937511834,0,1
1988-09-01,-1.19,-1.4448248892434286,0,1
1988-10-01,-1.48,-1.7879231479028181,0,1
1988-11-01,-1.8,-2.1665143298717995,0,1
1988-12-01,-1.85,-2.225669202054453,0,1
1989-01-01,-1.69,-2.036373611069962,0,1
1989-02-01,-1.43,-1.7287682757201646,0,1
1989-03-01,-1.08,-1.3146841704415915,0,1
1989-04-01,-0.83,-1.0189098095283247,0,1
1989-05-01,-0.58,-0.7231354486150579,0,1
1989-06-01,-0.4,-0.5101779087575058,0,0
1989-07-01,-0.31,-0.40369913882872976,0,0
1989-08-01,-0.27,-0.35637524108260715,0,0
1989-09-01,-0.24,-0.3208823177730151,0,0
1989-10-01,-0.22,-0.2972203688999538,0,0
1989-11-01,-0.16,-0.22623452228076976,0,0
1989-12-01,-0.05,-0.09609380347893243,0,0
1990-01-01,0.14,0.1286947108151503,0,0
1990-02-01,0.21,0.21151153187086497,0,0
1990-03-01,0.28,0.29432835292657966,0,0
1990-04-01,0.29,0.3061593273631103,0,0
1990-05-01,0.29,0.3061593273631103,0,0
1990-06-01,0.31,0.32982127623617163,0,0
1990-07-01,0.33,0.353483225109233,0,0
1990-08-01,0.38,0.41263809729188633,0,0
1990-09-01,0.39,0.424469071728417,0,0
1990-10-01,0.35,0.3771451739822943,0,0
1990-11-01,0.4,0.4363000461649477,0,0
1990-12-01,0.41,0.4481310206014783,0,0
1991-01-01,0.41,0.4481310206014783,0,0
1991-02-01,0.26,0.27066640405351833,0,0
1991-03-01,0.22,0.22334250630739563,0,0
1991-04-01,0.26,0.27066640405351833,0,0
1991-05-01,0.45,0.495454918347601,0,0
1991-06-01,0.64,0.7202434326416837,1,0
1991-07-01,0.73,0.8267222025704597,1,0
1991-08-01,0.64,0.7202434326416837,1,0
1991-09-01,0.62,0.6965814837686223,1,0
1991-10-01,0.79,0.8977080491896438,1,0
1991-11-01,1.21,1.3946089755239317,1,0
1991-12-01,1.53,1.7732001574929133,1,0
1992-01-01,1.71,1.986157697350465,1,0
1992-02-01,1.63,1.8915099018582198,1,0
1992-03-01,1.48,1.7140452853102597,1,0
1992-04-01,1.29,1.489256771016177,1,0
1992-05-01,1.06,1.2171443589759718,1,0
1992-06-01,0.73,0.8267222025704597,1,0
1992-07-01,0.37,0.40080712285535564,0,0
1992-08-01,0.09,0.06953983863249692,0,0
1992-09-01,-0.13,-0.19074159897117776,0,0
1992-10-01,-0.25,-0.33271329220954576,0,0
1992-11-01,-0.28,-0.3682062155191378,0,0
1992-12-01,-0.13,-0.19074159897117776,0,0
1993-01-01,0.09,0.06953983863249692,0,0
1993-02-01,0.3,0.317990301799641,0,0
1993-03-01,0.5,0.5546097905302544,1,0
1993-04-01,0.67,0.7557363559512758,1,0
1993-05-01,0.7,0.7912292792608676,1,0
1993-06-01,0.57,0.6374266115859689,1,0
1993-07-01,0.32,0.34165225067270233,0,0
1993-08-01,0.25,0.25883542961698763,0,0
1993-09-01,0.15,0.14052568525168094,0,0
1993-10-01,0.1,0.0813708130690276,0,0
1993-11-01,0.04,0.010384966449843594,0,0
1993-12-01,0.06,0.03404691532290493,0,0
1994-01-01,0.06,0.03404691532290493,0,0
1994-02-01,0.07,0.0458778897594356,0,0
1994-03-01,0.17,0.1641876341247423,0,0
1994-04-01,0.31,0.32982127623617163,0,0
1994-05-01,0.42,0.459961995038009,0,0
1994-06-01,0.41,0.4481310206014783,0,0
1994-07-01,0.44,0.48362394391107033,0,0
1994-08-01,0.43,0.4717929694745397,0,0
1994-09-01,0.55,0.6137646627129076,1,0
1994-10-01,0.74,0.8385531770069903,1,0
1994-11-01,1.01,1.1579894867933185,1,0
1994-12-01,1.09,1.2526372822855638,1,0
1995-01-01,0.96,1.098834614610665,1,0
1995-02-01,0.72,0.814891228133929,1,0
1995-03-01,0.53,0.5901027138398464,1,0
1995-04-01,0.3,0.317990301799641,0,0
1995-05-01,0.14,0.1286947108151503,0,0
1995-06-01,-0.03,-0.0724318546058711,0,0
1995-07-01,-0.24,-0.3208823177730151,0,0
1995-08-01,-0.54,-0.6758115508689353,0,1
1995-09-01,-0.81,-0.9952478606552634,0,1
1995-10-01,-0.97,-1.184543451639754,0,1
1995-11-01,-1.0,-1.220036374949346,0,1
1995-12-01,-0.98,-1.1963744260762845,0,1
1996-01-01,-0.9,-1.1017266305840394,0,1
1996-02-01,-0.75,-0.9242620140360793,0,1
1996-03-01,-0.59,-0.7349664230515885,0,1
1996-04-01,-0.39,-0.49834693432097515,0,0
1996-05-01,-0.31,-0.40369913882872976,0,0
1996-06-01,-0.3,-0.3918681643921991,0,0
1996-07-01,-0.27,-0.35637524108260715,0,0
1996-08-01,-0.32,-0.41553011326526046,0,0
1996-09-01,-0.35,-0.45102303657485243,0,0
1996-10-01,-0.4,-0.5101779087575058,0,0
1996-11-01,-0.45,-0.5693327809401592,0,0
1996-12-01,-0.49,-0.6166566786862819,0,0
1997-01-01,-0.5,-0.6284876531228125,0,1
1997-02-01,-0.36,-0.4628540110113831,0,0
1997-03-01,-0.1,-0.15524867566158576,0,0
1997-04-01,0.28,0.29432835292657966,0,0
1997-05-01,0.75,0.850384151443521,1,0
1997-06-01,1.22,1.4064399499604623,1,0
1997-07-01,1.6,1.856016978548628,1,0
1997-08-01,1.9,2.210946211644548,1,0
1997-09-01,2.14,2.494889598121284,1,0
1997-10-01,2.33,2.719678112415367,1,0
1997-11-01,2.4,2.8024949334710816,1,0
1997-12-01,2.39,2.7906639590345512,1,0
1998-01-01,2.24,2.613199342486591,1,0
1998-02-01,1.93,2.24643913495414,1,0
1998-03-01,1.44,1.6667213875641371,1,0
1998-04-01,0.99,1.134327537920257,1,0
1998-05-01,0.45,0.495454918347601,0,0
1998-06-01,-0.13,-0.19074159897117776,0,0
1998-07-01,-0.78,-0.9597549373456713,0,1
1998-08-01,-1.12,-1.362008068187714,0,1
1998-09-01,-1.31,-1.5867965824817967,0,1
1998-10-01,-1.35,-1.6341204802279194,0,1
1998-11-01,-1.48,-1.7879231479028181,0,1
1998-12-01,-1.57,-1.894401917831594,0,1
1999-01-01,-1.55,-1.870739968958533,0,1
1999-02-01,-1.3,-1.574965608045266,0,1
1999-03-01,-1.07,-1.3028531960050607,0,1
1999-04-01,-0.98,-1.1963744260762845,0,1
1999-05-01,-1.02,-1.2436983238224073,0,1
1999-06-01,-1.04,-1.2673602726954687,0,1
1999-07-01,-1.1,-1.3383461193146529,0,1
1999-08-01,-1.11,-1.3501770937511834,0,1
1999-09-01,-1.16,-1.4093319659338366,0,1
1999-10-01,-1.26,-1.5276417102991433,0,1
1999-11-01,-1.46,-1.7642611990297568,0,1
1999-12-01,-1.65,-1.9890497133238394,0,1
2000-01-01,-1.66,-2.00088068776037,0,1
2000-02-01,-1.41,-1.7051063268471034,0,1
2000-03-01,-1.07,-1.3028531960050607,0,1
2000-04-01,-0.81,-0.9952478606552634,0,1
2000-05-01,-0.71,-0.8769381162899565,0,1
2000-06-01,-0.64,-0.7941212952342419,0,1
2000-07-01,-0.55,-0.687642525305466,0,1
2000-08-01,-0.51,-0.6403186275593432,0,1
2000-09-01,-0.55,-0.687642525305466,0,1
2000-10-01,-0.63,-0.7822903207977112,0,1
2000-11-01,-0.75,-0.9242620140360793,0,1
2000-12-01,-0.74,-0.9124310395995486,0,1
2001-01-01,-0.68,-0.8414451929803647,0,1
2001-02-01,-0.52,-0.6521496019958739,0,1
2001-03-01,-0.44,-0.5575018065036285,0,0
2001-04-01,-0.34,-0.43919206213832185,0,0
2001-05-01,-0.25,-0.33271329220954576,0,0
2001-06-01,-0.12,-0.1789106245346471,0,0
2001-07-01,-0.08,-0.13158672678852443,0,0
2001-08-01,-0.13,-0.19074159897117776,0,0
2001-09-01,-0.19,-0.26172744559036176,0,0
2001-10-01,-0.29,-0.38003718995566843,0,0
2001-11-01,-0.35,-0.45102303657485243,0,0
2001-12-01,-0.31,-0.40369913882872976,0,0
2002-01-01,-0.15,-0.2144035478442391,0,0
2002-02-01,0.03,-0.0014460079866870771,0,0
2002-03-01,0.09,0.06953983863249692,0,0
2002-04-01,0.2,0.19968055743433433,0,0
2002-05-01,0.43,0.4717929694745397,0,0
2002-06-01,0.65,0.7320744070782144,1,0
2002-07-01,0.79,0.8977080491896438,1,0
2002-08-01,0.86,0.9805248702453584,1,0
2002-09-01,1.01,1.1579894867933185,1,0
2002-10-01,1.21,1.3946089755239317,1,0
2002-11-01,1.31,1.5129187198892384,1,0
2002-12-01,1.14,1.311792154468217,1,0
2003-01-01,0.92,1.0515107168645423,1,0
2003-02-01,0.63,0.708412458205153,1,0
2003-03-01,0.38,0.41263809729188633,0,0
2003-04-01,-0.04,-0.08426282904240175,0,0
2003-05-01,-0.26,-0.34454426664607646,0,0
2003-06-01,-0.16,-0.22623452228076976,0,0
2003-07-01,0.08,0.05770886419596626,0,0
2003-08-01,0.21,0.21151153187086497,0,0
2003-09-01,0.26,0.27066640405351833,0,0
2003-10-01,0.29,0.3061593273631103,0,0
2003-11-01,0.35,0.3771451739822943,0,0
2003-12-01,0.35,0.3771451739822943,0,0
2004-01-01,0.37,0.40080712285535564,0,0
2004-02-01,0.31,0.32982127623617163,0,0
2004-03-01,0.23,0.23517348074392633,0,0
2004-04-01,0.17,0.1641876341247423,0,0
2004-05-01,0.17,0.1641876341247423,0,0
2004-06-01,0.28,0.29432835292657966,0,0
2004-07-01,0.47,0.5191168672206623,0,0
2004-08-01,0.64,0.7202434326416837,1,0
2004-09-01,0.7,0.7912292792608676,1,0
2004-10-01,0.67,0.7557363559512758,1,0
2004-11-01,0.66,0.7439053815147451,1,0
2004-12-01,0.69,0.7793983048243369,1,0
2005-01-01,0.64,0.7202434326416837,1,0
2005-02-01,0.58,0.6492575860224996,1,0
2005-03-01,0.45,0.495454918347601,0,0
2005-04-01,0.43,0.4717929694745397,0,0
2005-05-01,0.29,0.3061593273631103,0,0
2005-06-01,0.11,0.09320178750555827,0,0
2005-07-01,-0.06,-0.1079247779154631,0,0
2005-08-01,-0.14,-0.20257257340770846,0,0
2005-09-01,-0.11,-0.16707965009811643,0,0
2005-10-01,-0.29,-0.38003718995566843,0,0
2005-11-01,-0.57,-0.7113044741785272,0,1
2005-12-01,-0.84,-1.0307407839648552,0,1
2006-01-01,-0.85,-1.0425717584013858,0,1
2006-02-01,-0.77,-0.9479239629091406,0,1
2006-03-01,-0.57,-0.7113044741785272,0,1
2006-04-01,-0.37,-0.4746849854479138,0,0
2006-05-01,-0.14,-0.20257257340770846,0,0
2006-06-01,-0.03,-0.0724318546058711,0,0
2006-07-01,0.1,0.0813708130690276,0,0
2006-08-01,0.3,0.317990301799641,0,0
2006-09-01,0.54,0.601933688276377,1,0
2006-10-01,0.77,0.8740461003165824,1,0
2006-11-01,0.94,1.0751726657376037,1,0
2006-12-01,0.94,1.0751726657376037,1,0
2007-01-01,0.66,0.7439053815147451,1,0
2007-02-01,0.22,0.22334250630739563,0,0
2007-03-01,-0.12,-0.1789106245346471,0,0
2007-04-01,-0.32,-0.41553011326526046,0,0
2007-05-01,-0.38,-0.48651595988444446,0,0
2007-06-01,-0.47,-0.5929947298132205,0,0
2007-07-01,-0.56,-0.6994734997419967,0,1
2007-08-01,-0.81,-0.9952478606552634,0,1
2007-09-01,-1.07,-1.3028531960050607,0,1
2007-10-01,-1.34,-1.6222895057913889,0,1
2007-11-01,-1.5,-1.8115850967758793,0,1
2007-12-01,-1.6,-1.9298948411411863,0,1
2008-01-01,-1.64,-1.9772187388873086,0,1
2008-02-01,-1.52,-1.8352470456489407,0,1
2008-03-01,-1.29,-1.5631346336087355,0,1
2008-04-01,-1.01,-1.2318673493858767,0,1
2008-05-01,-0.84,-1.0307407839648552,0,1
2008-06-01,-0.61,-0.7586283719246499,0,1
2008-07-01,-0.37,-0.4746849854479138,0,0
2008-08-01,-0.23,-0.3090513433364845,0,0
2008-09-01,-0.24,-0.3208823177730151,0,0
2008-10-01,-0.35,-0.45102303657485243,0,0
2008-11-01,-0.55,-0.687642525305466,0,1
2008-12-01,-0.73,-0.9006000651630179,0,1
2009-01-01,-0.85,-1.0425717584013858,0,1
2009-02-01,-0.79,-0.971585911782202,0,1
2009-03-01,-0.61,-0.7586283719246499,0,1
2009-04-01,-0.33,-0.42736108770179115,0,0
2009-05-01,0.01,-0.025107956859748416,0,0
2009-06-01,0.28,0.29432835292657966,0,0
2009-07-01,0.45,0.495454918347601,0,0
2009-08-01,0.58,0.6492575860224996,1,0
2009-09-01,0.71,0.8030602536973983,1,0
2009-10-01,1.01,1.1579894867933185,1,0
2009-11-01,1.36,1.5720735920718918,1,0
2009-12-01,1.56,1.8086930808025052,1,0
2010-01-01,1.5,1.737707234183321,1,0
2010-02-01,1.22,1.4064399499604623,1,0
2010-03-01,0.84,0.956862921372297,1,0
2010-04-01,0.35,0.3771451739822943,0,0
2010-05-01,-0.17,-0.23806549671730046,0,0
2010-06-01,-0.66,-0.8177832441073033,0,1
2010-07-01,-1.05,-1.2791912471319993,0,1
2010-08-01,-1.35,-1.6341204802279194,0,1
2010-09-01,-1.56,-1.8825709433950635,0,1
2010-10-01,-1.64,-1.9772187388873086,0,1
2010-11-01,-1.64,-1.9772187388873086,0,1
2010-12-01,-1.54,-1.858908994522002,0,1
2011-01-01,-1.31,-1.5867965824817967,0,1
2011-02-01,-1.04,-1.2673602726954687,0,1
2011-03-01,-0.8,-0.9834168862187327,0,1
2011-04-01,-0.62,-0.7704593463611806,0,1
2011-05-01,-0.46,-0.5811637553766899,0,0
2011-06-01,-0.37,-0.4746849854479138,0,0
2011-07-01,-0.43,-0.5456708320670978,0,0
2011-08-01,-0.58,-0.7231354486150579,0,1
2011-09-01,-0.79,-0.971585911782202,0,1
2011-10-01,-0.96,-1.1727124772032234,0,1
2011-11-01,-1.02,-1.2436983238224073,0,1
2011-12-01,-0.92,-1.1253885794571006,0,1
2012-01-01,-0.72,-0.8887690907264872,0,1
2012-02-01,-0.57,-0.7113044741785272,0,1
2012-03-01,-0.46,-0.5811637553766899,0,0
2012-04-01,-0.36,-0.4628540110113831,0,0
2012-05-01,-0.17,-0.23806549671730046,0,0
2012-06-01,0.06,0.03404691532290493,0,0
2012-07-01,0.3,0.317990301799641,0,0
2012-08-01,0.41,0.4481310206014783,0,0
2012-09-01,0.41,0.4481310206014783,0,0
2012-10-01,0.31,0.32982127623617163,0,0
2012-11-01,0.13,0.1168637363786196,0,0
2012-12-01,-0.1,-0.15524867566158576,0,0
2013-01-01,-0.29,-0.38003718995566843,0,0
2013-02-01,-0.29,-0.38003718995566843,0,0
2013-03-01,-0.21,-0.2853893944634231,0,0
2013-04-01,-0.19,-0.26172744559036176,0,0
2013-05-01,-0.27,-0.35637524108260715,0,0
2013-06-01,-0.34,-0.43919206213832185,0,0
2013-07-01,-0.35,-0.45102303657485243,0,0
2013-08-01,-0.28,-0.3682062155191378,0,0
2013-09-01,-0.21,-0.2853893944634231,0,0
2013-10-01,-0.13,-0.19074159897117776,0,0
2013-11-01,-0.1,-0.15524867566158576,0,0
2013-12-01,-0.15,-0.2144035478442391,0,0
2014-01-01,-0.28,-0.3682062155191378,0,0
2014-02-01,-0.32,-0.41553011326526046,0,0
2014-03-01,-0.14,-0.20257257340770846,0,0
2014-04-01,0.15,0.14052568525168094,0,0
2014-05-01,0.31,0.32982127623617163,0,0
2014-06-01,0.23,0.23517348074392633,0,0
2014-07-01,0.1,0.0813708130690276,0,0
2014-08-01,0.11,0.09320178750555827,0,0
2014-09-01,0.28,0.29432835292657966,0,0
2014-10-01,0.54,0.601933688276377,1,0
2014-11-01,0.71,0.8030602536973983,1,0
2014-12-01,0.77,0.8740461003165824,1,0
2015-01-01,0.69,0.7793983048243369,1,0
2015-02-01,0.61,0.6847505093320916,1,0
2015-03-01,0.65,0.7320744070782144,1,0
2015-04-01,0.81,0.921369998062705,1,0
2015-05-01,1.02,1.169820461229849,1,0
2015-06-01,1.25,1.4419328732700545,1,0
2015-07-01,1.57,1.8205240552390358,1,0
2015-08-01,1.91,2.2227771860810783,1,0
2015-09-01,2.21,2.577706419176999,1,0
2015-10-01,2.47,2.8853117545267963,1,0
2015-11-01,2.64,3.086438319947818,1,0
2015-12-01,2.75,3.216579038749655,1,0
2016-01-01,2.63,3.074607345511287,1,0
2016-02-01,2.28,2.6605232402327132,1,0
2016-03-01,1.71,1.986157697350465,1,0
2016-04-01,1.05,1.205313384539441,1,0
2016-05-01,0.49,0.5427788160937237,0,0
2016-06-01,0.0,-0.03693893129627908,0,0
2016-07-01,-0.31,-0.40369913882872976,0,0
2016-08-01,-0.5,-0.6284876531228125,0,1
2016-09-01,-0.58,-0.7231354486150579,0,1
2016-10-01,-0.64,-0.7941212952342419,0,1
2016-11-01,-0.6,-0.7467973974881192,0,1
2016-12-01,-0.45,-0.5693327809401592,0,0
2017-01-01,-0.19,-0.26172744559036176,0,0
2017-02-01,-0.02,-0.06060088016934042,0,0
2017-03-01,0.18,0.17601860856127297,0,0
2017-04-01,0.31,0.32982127623617163,0,0
2017-05-01,0.4,0.4363000461649477,0,0
2017-06-01,0.39,0.424469071728417,0,0
2017-07-01,0.19,0.18784958299780363,0,0
2017-08-01,-0.07,-0.11975575235199377,0,0
2017-09-01,-0.34,-0.43919206213832185,0,0
2017-10-01,-0.6,-0.7467973974881192,0,1
2017-11-01,-0.77,-0.9479239629091406,0,1
2017-12-01,-0.86,-1.0544027328379166,0,1
2018-01-01,-0.77,-0.9479239629091406,0,1
2018-02-01,-0.71,-0.8769381162899565,0,1
2018-03-01,-0.57,-0.7113044741785272,0,1
2018-04-01,-0.39,-0.49834693432097515,0,0
2018-05-01,-0.13,-0.19074159897117776,0,0
2018-06-01,0.06,0.03404691532290493,0,0
2018-07-01,0.14,0.1286947108151503,0,0
2018-08-01,0.27,0.282497378490049,0,0
2018-09-01,0.53,0.5901027138398464,1,0
2018-10-01,0.81,0.921369998062705,1,0
2018-11-01,0.97,1.1106655890471957,1,0
2018-12-01,0.92,1.0515107168645423,1,0
2019-01-01,0.89,1.0160177935549504,1,0
2019-02-01,0.86,0.9805248702453584,1,0
2019-03-01,0.84,0.956862921372297,1,0
2019-04-01,0.77,0.8740461003165824,1,0
2019-05-01,0.64,0.7202434326416837,1,0
2019-06-01,0.52,0.5782717394033157,1,0
2019-07-01,0.33,0.353483225109233,0,0
2019-08-01,0.19,0.18784958299780363,0,0
2019-09-01,0.23,0.23517348074392633,0,0
2019-10-01,0.39,0.424469071728417,0,0
2019-11-01,0.58,0.6492575860224996,1,0
2019-12-01,0.66,0.7439053815147451,1,0
2020-01-01,0.64,0.7202434326416837,1,0
2020-02-01,0.63,0.708412458205153,1,0
2020-03-01,0.53,0.5901027138398464,1,0
2020-04-01,0.3,0.317990301799641,0,0
2020-05-01,0.01,-0.025107956859748416,0,0
2020-06-01,-0.23,-0.3090513433364845,0,0
2020-07-01,-0.36,-0.4628540110113831,0,0
2020-08-01,-0.53,-0.6639805764324046,0,1
2020-09-01,-0.85,-1.0425717584013858,0,1
2020-10-01,-1.12,-1.362008068187714,0,1
2020-11-01,-1.2,-1.4566558636799594,0,1
2020-12-01,-1.08,-1.3146841704415915,0,1
2021-01-01,-0.91,-1.11355760502057,0,1
2021-02-01,-0.79,-0.971585911782202,0,1
2021-03-01,-0.71,-0.8769381162899565,0,1
2021-04-01,-0.55,-0.687642525305466,0,1
2021-05-01,-0.39,-0.49834693432097515,0,0
2021-06-01,-0.3,-0.3918681643921991,0,0
2021-07-01,-0.35,-0.45102303657485243,0,0
2021-08-01,-0.45,-0.5693327809401592,0,0
2021-09-01,-0.63,-0.7822903207977112,0,1
2021-10-01,-0.76,-0.9360929884726099,0,1
2021-11-01,-0.91,-1.11355760502057,0,1
2021-12-01,-0.87,-1.0662337072744472,0,1
2022-01-01,-0.82,-1.0070788350917939,0,1
2022-02-01,-0.79,-0.971585911782202,0,1
2022-03-01,-0.86,-1.0544027328379166,0,1
2022-04-01,-0.95,-1.1608815027666926,0,1
2022-05-01,-0.9,-1.1017266305840394,0,1
2022-06-01,-0.78,-0.9597549373456713,0,1
2022-07-01,-0.76,-0.9360929884726099,0,1
2022-08-01,-0.87,-1.0662337072744472,0,1
2022-09-01,-0.97,-1.184543451639754,0,1
2022-10-01,-0.94,-1.149050528330162,0,1
2022-11-01,-0.85,-1.0425717584013858,0,1
2022-12-01,-0.71,-0.8769381162899565,0,1
2023-01-01,-0.54,-0.6758115508689353,0,1
2023-02-01,-0.29,-0.38003718995566843,0,0
2023-03-01,-0.02,-0.06060088016934042,0,0
2023-04-01,0.27,0.282497378490049,0,0
2023-05-01,0.57,0.6374266115859689,1,0
2023-06-01,0.84,0.956862921372297,1,0
2023-07-01,1.12,1.2881302055951558,1,0
2023-08-01,1.37,1.5839045665084226,1,0
2023-09-01,1.6,1.856016978548628,1,0
2023-10-01,1.83,2.128129390588833,1,0
2023-11-01,1.99,2.317424981573324,1,0
2023-12-01,2.06,2.400241802629039,1,0
2024-01-01,1.92,2.234608160517609,1,0
2024-02-01,1.62,1.8796789274216892,1,0
2024-03-01,1.26,1.453763847706585,1,0
2024-04-01,0.82,0.9332009724992356,1,0
2024-05-01,0.49,0.5427788160937237,0,0
2024-06-01,0.22,0.22334250630739563,0,0
2024-07-01,0.08,0.05770886419596626,0,0
2024-08-01,-0.07,-0.11975575235199377,0,0
2024-09-01,-0.17,-0.23806549671730046,0,0
2024-10-01,-0.21,-0.2853893944634231,0,0
2024-11-01,-0.3,-0.3918681643921991,0,0
2024-12-01,-0.42,-0.5338398576305672,0,0
2025-01-01,-0.45,-0.5693327809401592,0,0
2025-02-01,-0.24,-0.3208823177730151,0,0
2025-03-01,-0.06,-0.1079247779154631,0,0
2025-04-01,0.02,-0.013276982423217744,0,0
2025-05-01,-0.02,-0.06060088016934042,0,0
2025-06-01,-0.04,-0.08426282904240175,0,0
2025-07-01,-0.14,-0.20257257340770846,0,0
2025-08-01,-0.28,-0.3682062155191378,0,0
2025-09-01,-0.4,-0.5101779087575058,0,0
2025-10-01,-0.51,-0.6403186275593432,0,1
2025-11-01,-0.55,-0.687642525305466,0,1
2025-12-01,-0.55,-0.687642525305466,0,1
